,Machine,DebugSize,DebugRVA,MajorImageVersion,MajorOSVersion,ExportRVA,ExportSize,IatVRA,MajorLinkerVersion,MinorLinkerVersion,NumberOfSections,SizeOfStackReserve,DllCharacteristics,ResourceSize,BitcoinAddresses,Benign
0,34404,56,268432,10,6,0,0,266240,11,0,6,1048576,33120,1488,0,1
1,34404,0,0,0,4,0,0,38332,2,27,11,2097152,0,5000,0,1
2,332,0,0,1,4,0,0,0,2,25,5,2097152,0,0,0,1
3,332,0,0,0,1,73728,227,0,2,25,8,26000,0,5120,0,1
4,34404,56,181296,0,6,238464,230,180224,12,0,5,1048576,33056,71816,0,1
5,34404,0,0,0,4,0,0,54480,2,25,9,2097152,0,0,0,1
6,34404,28,4160,6,6,0,0,25400,10,10,6,524288,33120,3848,0,1
7,332,56,22896,10,10,0,0,81920,12,10,5,262144,49472,3488,0,1
8,34404,28,4208,6,6,0,0,91200,10,10,6,524288,33120,1784,0,1
9,34404,0,0,0,4,0,0,133600,2,27,11,2097152,0,5000,0,1
10,34404,0,0,0,4,0,0,45888,2,25,9,2097152,0,0,0,1
11,34404,84,1727024,0,5,1889536,192,1421312,14,0,7,1048576,33120,920,0,1
12,332,56,9952,10,10,0,0,40960,12,10,6,262144,49472,2328,0,1
13,34404,56,70992,10,10,0,0,32768,12,10,7,524288,49504,1824,0,1
14,332,28,5936,0,5,320160,84,4096,10,0,4,1048576,33088,16720,0,1
15,34404,28,729136,0,4,0,0,724992,8,0,5,1048576,32768,417976,0,1
16,34404,56,48944,10,10,0,0,40960,12,10,6,524288,49504,5208,0,1
17,34404,56,1070208,10,10,1120352,90,991232,12,10,6,524288,49504,392368,1,1
18,34404,0,0,0,4,0,0,78752,2,25,9,12582912,0,0,0,1
19,34404,56,58368,10,6,0,0,57344,11,0,6,1048576,33120,1540,0,1
20,34404,0,0,0,4,0,0,37628,2,27,11,2097152,0,5008,0,1
21,332,28,163880,0,4,0,0,8192,11,0,3,1048576,34112,1952,0,1
22,34404,56,267888,10,10,0,0,249856,12,10,8,524288,49632,46080,0,1
23,332,56,6304,10,10,0,0,77824,12,10,5,1048576,49472,2104,0,1
24,332,0,0,0,1,65536,205,0,2,25,7,1048576,0,0,0,1
25,332,28,4224,10,6,0,0,336796,11,0,5,1048576,33088,33604,0,1
26,34404,84,900048,0,5,1005056,192,778240,14,0,7,1048576,33120,920,0,1
27,34404,0,0,0,4,0,0,38132,2,27,11,2097152,0,5008,0,1
28,332,56,279008,5,5,0,0,278528,12,0,5,1048576,33088,12656,0,1
29,332,28,123712,0,5,0,0,122880,10,0,5,1048576,33088,5444,0,1
30,34404,0,0,0,4,0,0,37616,2,25,9,2097152,0,0,0,1
31,332,0,0,1,4,0,0,24872,2,22,8,2097152,0,119704,0,1
32,34404,0,0,0,4,0,0,55140,2,27,11,2097152,0,4984,0,1
33,34404,0,0,0,4,0,0,37928,2,27,11,2097152,0,5016,0,1
34,34404,0,0,0,4,0,0,291720,2,25,9,2097152,0,0,0,1
35,332,0,0,1,4,0,0,0,2,25,5,2097152,0,0,0,1
36,332,28,122524,0,4,0,0,8192,8,0,3,1048576,1344,1104,0,1
37,34404,0,0,0,4,0,0,55000,2,25,9,2097152,0,0,0,1
38,34404,0,0,0,4,0,0,37612,2,25,10,2097152,0,1504,0,1
39,332,28,19060,0,4,0,0,8192,11,0,3,1048576,34144,1672,0,1
40,34404,56,31120,10,10,0,0,28672,12,10,6,524288,49504,4512,0,1
41,332,28,18792,0,4,0,0,8192,8,0,3,1048576,1024,776,0,1
42,34404,0,0,0,4,0,0,50584,2,27,11,2097152,0,5008,0,1
43,332,0,0,6,5,0,0,1104512,2,25,8,1048576,33088,103424,0,1
44,332,56,12480,10,10,0,0,40960,12,10,5,262144,49472,1792,0,1
45,332,28,290676,0,4,0,0,8192,11,0,3,1048576,34112,210608,0,1
46,34404,0,0,0,4,0,0,70992,2,27,11,2097152,0,5016,0,1
47,332,28,41144,0,4,0,0,8192,8,0,3,1048576,34112,792,0,1
48,332,0,0,0,4,0,0,65536,8,0,4,1048576,0,31872,0,1
49,34404,28,58112,0,5,0,0,57344,10,0,6,1048576,33088,20644,0,1
50,34404,56,80464,10,10,83184,28612,74160,14,0,6,524288,49504,2280,0,1
51,332,28,12216,0,4,0,0,8192,8,0,3,1048576,1024,992,0,1
52,34404,0,0,0,4,0,0,78752,2,25,9,12582912,0,0,0,1
53,34404,0,0,0,4,0,0,37604,2,27,11,2097152,0,5000,0,1
54,34404,0,0,0,4,0,0,37824,2,27,11,2097152,0,5000,0,1
55,332,56,5696,10,10,0,0,36864,12,10,5,262144,49472,3840,0,1
56,34404,0,0,0,4,0,0,163284,2,27,11,2097152,0,5000,0,1
57,332,0,0,1,4,0,0,0,2,25,5,2097152,0,0,0,1
58,34404,0,0,0,4,0,0,51000,2,27,11,2097152,0,5024,0,1
59,332,28,3653632,0,4,0,0,8192,8,0,4,1048576,1024,5240,0,1
60,332,28,38764,0,4,0,0,8192,8,0,3,1048576,34112,2160,0,1
61,332,56,4160,10,6,0,0,38232,11,0,5,1048576,33088,14908,0,1
62,34404,0,0,0,5,131392,90,102400,9,0,5,1048576,32768,688,0,1
63,34404,0,0,0,4,0,0,46268,2,27,11,2097152,0,4984,0,1
64,332,28,326176,0,5,0,0,323584,10,0,5,1048576,33088,106208,1,1
65,332,56,4208,10,10,0,0,12288,12,10,5,262144,49472,75584,0,1
66,34404,0,0,0,4,0,0,46684,2,27,11,2097152,0,5008,0,1
67,34404,56,300608,10,10,0,0,262144,12,10,6,524288,49504,379784,0,1
68,332,28,19644,0,4,0,0,8192,11,0,3,1048576,34144,2304,0,1
69,34404,0,0,0,4,0,0,70508,2,25,9,12582912,0,0,0,1
70,332,0,0,1,4,0,0,70224,2,25,9,2097152,1344,75912,0,1
71,332,28,20144,0,4,0,0,8192,11,0,3,1048576,34144,1672,0,1
72,332,28,398304,0,5,0,0,397312,9,0,5,1048576,33088,8096,0,1
73,34404,56,30352,10,10,0,0,28672,12,10,7,524288,49504,2048,0,1
74,34404,28,279472,0,5,0,0,278528,9,0,5,1048576,32768,832,0,1
75,34404,56,65952,10,10,0,0,61440,12,10,6,524288,49504,7152,0,1
76,34404,56,8688,10,10,0,0,8192,12,10,6,524288,49504,49608,0,1
77,34404,0,0,0,4,0,0,55008,2,27,11,2097152,0,4992,0,1
78,332,56,6800,10,10,0,0,36864,12,10,5,262144,49472,2064,0,1
79,34404,56,13040,10,10,0,0,12288,12,10,7,524288,49504,94728,0,1
80,34404,28,223552,0,5,0,0,221184,9,0,6,1048576,33088,3796,0,1
81,34404,0,0,0,4,0,0,294344,2,25,9,2097152,0,0,0,1
82,34404,0,0,0,4,0,0,50424,2,27,11,2097152,0,5000,0,1
83,332,28,127344,0,4,0,0,8192,8,0,3,1048576,34112,6600,0,1
84,34404,0,0,0,4,0,0,51216,2,27,11,2097152,0,5016,0,1
85,34404,0,0,0,4,0,0,45928,2,25,9,2097152,0,0,0,1
86,34404,0,0,0,4,0,0,67256,2,27,11,2097152,0,4984,0,1
87,332,28,4384,5,5,0,0,4096,7,10,3,262144,32768,1032,0,1
88,332,28,47828,0,4,0,0,8192,8,0,3,1048576,34112,1464,0,1
89,332,0,0,1,4,0,0,0,2,25,5,2097152,0,0,0,1
90,34404,0,0,0,4,0,0,58784,2,27,11,2097152,0,4992,0,1
91,34404,0,0,0,4,0,0,50492,2,27,11,2097152,0,4992,0,1
92,34404,56,27360,10,10,0,0,24576,12,10,7,524288,49504,8512,0,1
93,332,28,24144,0,4,0,0,8192,8,0,3,1048576,1024,912,0,1
94,332,0,0,0,4,0,0,106496,6,0,3,1048576,0,0,0,1
95,34404,28,53780,0,4,0,0,0,8,0,2,4194304,1344,12112,0,1
96,332,28,832816,0,5,0,0,831488,10,0,5,1048576,33088,11072,0,1
97,34404,56,13408,10,10,0,0,12288,12,10,6,524288,49504,68488,0,1
98,34404,0,0,0,4,0,0,42212,2,27,11,2097152,0,5024,0,1
99,34404,0,0,0,4,0,0,41824,2,25,9,2097152,0,0,0,1
100,332,28,79588,0,4,0,0,8192,11,0,3,1048576,34144,55192,0,1
101,34404,56,54816,10,10,0,0,49152,12,10,6,1048576,49504,2032,0,1
102,34404,0,0,0,4,0,0,50376,2,27,11,2097152,0,5016,0,1
103,332,0,0,1,4,0,0,0,2,25,5,2097152,0,0,0,1
104,332,84,68096,0,5,0,0,49152,14,0,6,1048576,33088,12920,0,1
105,332,28,163880,0,4,0,0,8192,11,0,3,1048576,34112,1952,0,1
106,34404,0,0,0,4,0,0,38104,2,27,11,2097152,0,5000,0,1
107,332,28,35160,0,4,0,0,8192,11,0,3,1048576,34112,6656,0,1
108,332,0,0,1,4,0,0,0,2,25,5,2097152,0,0,0,1
109,34404,0,0,0,4,0,0,79616,2,27,11,2097152,0,5008,0,1
110,332,28,47828,0,4,0,0,8192,8,0,3,1048576,34112,1464,0,1
111,34404,0,0,0,5,0,0,94208,9,0,6,1048576,33088,964,0,1
112,34404,0,0,0,4,0,0,38196,2,27,11,2097152,0,4984,0,1
113,34404,0,0,0,4,0,0,223916,2,25,9,2097152,0,0,0,1
114,332,56,184848,0,5,0,0,184320,12,0,5,1048576,33088,293680,0,1
115,332,0,0,1,4,0,0,0,2,25,5,2097152,0,0,0,1
116,332,56,4640,10,10,0,0,32768,12,10,6,1048576,49472,64488,0,1
117,332,28,28296,0,4,0,0,8192,48,0,3,1048576,34144,2292,0,1
118,332,28,4144,10,6,0,0,226008,11,0,5,1048576,33088,11604,0,1
119,34404,0,0,0,4,0,0,411052,2,25,9,12582912,0,0,0,1
120,34404,56,160800,0,6,0,0,159744,12,0,6,1048576,33120,1448,0,1
121,34404,0,0,0,4,0,0,88640,2,27,11,2097152,0,5008,0,1
122,34404,0,0,0,4,0,0,50684,2,27,11,2097152,0,5008,0,1
123,34404,0,0,0,4,0,0,125164,2,27,11,2097152,0,5032,0,1
124,34404,0,0,0,4,0,0,62740,2,27,11,2097152,0,4992,0,1
125,332,0,0,0,4,0,0,8192,8,0,3,1048576,34112,1478,0,1
126,332,0,0,1,4,0,0,0,2,25,5,2097152,0,0,0,1
127,332,28,49552,0,5,0,0,49152,10,0,5,1048576,33088,20644,0,1
128,332,0,0,1,4,0,0,0,2,25,5,2097152,0,0,0,1
129,34404,28,44456,0,4,0,0,0,8,0,2,4194304,1344,1576,0,1
130,332,28,22028,0,4,0,0,8192,11,0,3,1048576,34144,1608,0,1
131,34404,0,0,0,4,0,0,74316,2,25,9,2097152,0,0,0,1
132,332,28,54016,0,5,0,0,53248,9,0,5,1048576,33088,4020,0,1
133,34404,56,31312,10,10,0,0,28672,12,10,7,524288,49632,4920,0,1
134,332,28,96364,0,4,0,0,8192,11,0,3,1048576,34144,1752,0,1
135,332,56,10100,0,4,0,0,8192,48,0,3,1048576,34144,1484,0,1
136,34404,0,0,0,4,0,0,50448,2,27,11,2097152,0,4992,0,1
137,34404,0,0,0,4,0,0,50436,2,27,11,2097152,0,5048,0,1
138,34404,0,0,0,4,0,0,46260,2,27,11,2097152,0,5000,0,1
139,332,56,6464,10,10,0,0,73728,12,10,5,262144,49472,1976,0,1
140,34404,0,0,0,4,0,0,54732,2,25,9,2097152,0,0,0,1
141,34404,28,5488,6,6,68560,173,4096,10,10,5,1048576,33088,2088,0,1
142,34404,0,0,0,4,0,0,288824,2,25,9,2097152,0,0,0,1
143,34404,0,0,0,4,0,0,37492,2,25,9,2097152,0,0,0,1
144,332,28,26684,0,4,0,0,8192,11,0,3,1048576,34112,1416,0,1
145,332,0,0,0,4,0,0,163840,7,10,4,1048576,0,0,0,1
146,34404,28,62320,0,4,0,0,61440,8,0,5,1048576,32768,1804,0,1
147,34404,28,277568,0,4,0,0,274432,8,0,5,1048576,32768,161456,0,1
148,332,28,4208,10,6,0,0,103048,11,0,6,1048576,33088,1476,0,1
149,332,28,44948,0,4,0,0,8192,11,0,3,1048576,34144,27752,0,1
150,332,28,34676,0,4,0,0,8192,8,0,3,1048576,1344,1360,0,1
151,332,28,251376,0,4,0,0,8192,8,0,3,1048576,1024,22312,0,1
152,34404,0,0,0,4,0,0,218472,2,25,9,2097152,0,0,0,1
153,332,28,143824,0,5,0,0,143360,10,0,5,1048576,33088,1936,0,1
154,34404,0,0,0,5,0,0,49152,9,0,6,1048576,33088,964,0,1
155,332,56,1039232,0,5,0,0,4096,9,0,4,1048576,32832,546424,0,1
156,34404,0,0,0,4,0,0,7668972,2,27,11,2097152,0,5000,0,1
157,34404,56,974096,10,10,0,0,851968,12,10,6,524288,49504,106320,0,1
158,332,28,17228,0,4,0,0,8192,8,0,3,1048576,34112,1464,0,1
159,34404,0,0,0,4,0,0,46428,2,27,11,2097152,0,4984,0,1
160,34404,56,283456,10,10,0,0,192512,12,10,6,524288,49632,2632,0,1
161,34404,0,0,0,4,0,0,46388,2,27,11,2097152,0,5024,0,1
162,332,28,53184,0,5,0,0,49152,14,0,6,1048576,33088,5472,0,1
163,332,0,0,6,5,0,0,1104512,2,25,8,1048576,33088,103424,0,1
164,34404,0,0,0,4,0,0,186396,2,25,9,2097152,0,0,0,1
165,332,28,79588,0,4,0,0,8192,11,0,3,1048576,34144,55192,0,1
166,332,0,0,1,4,0,0,0,2,25,5,2097152,0,0,0,1
167,34404,28,37664,0,4,0,0,0,8,0,2,4194304,1024,12664,0,1
168,332,0,0,0,4,0,0,8192,6,0,3,1048576,1024,816,0,1
169,34404,0,0,0,4,0,0,59080,2,27,11,2097152,0,5000,0,1
170,34404,28,107472,0,5,0,0,106496,10,0,6,1048576,33088,33168,0,1
171,332,56,7792,10,10,0,0,32768,12,10,5,262144,49472,3440,0,1
172,332,56,4336,10,10,0,0,16384,12,10,5,262144,49472,28512,0,1
173,332,0,0,1,4,0,0,0,2,25,5,2097152,0,0,0,1
174,34404,56,27664,0,6,0,0,24576,14,10,9,1048576,49504,2428,0,1
175,332,28,4416,10,5,0,0,4096,10,0,4,1048576,33088,1600,0,1
176,34404,56,29408,0,6,38064,1308,28672,12,0,5,1048576,33056,71344,0,1
177,34404,56,42640,10,10,0,0,36864,12,10,6,524288,49504,5104,0,1
178,34404,0,0,0,4,0,0,37440,2,25,9,2097152,0,0,0,1
179,332,28,18680,0,4,0,0,8192,11,0,3,1048576,34144,1776,0,1
180,34404,0,0,0,4,0,0,41728,2,25,9,2097152,0,0,0,1
181,34404,56,148256,6,6,139716,344,4096,10,10,6,2097152,33088,2104,0,1
182,34404,0,0,0,4,0,0,42288,2,27,11,2097152,0,5008,0,1
183,332,0,0,1,5,0,0,53248,9,0,4,409600,32768,3968,0,1
184,34404,56,26608,10,10,0,0,24576,12,10,6,524288,49504,5752,0,1
185,332,0,0,0,4,0,0,8192,6,0,3,1048576,1024,4296,0,1
186,34404,56,18064,10,10,0,0,16384,12,10,7,524288,49504,2136,0,1
187,34404,0,0,0,4,0,0,45960,2,25,9,2097152,0,0,0,1
188,34404,56,55152,10,10,0,0,45056,12,10,6,524288,49504,1016,0,1
189,34404,0,0,0,4,0,0,50536,2,27,11,2097152,0,5024,0,1
190,332,28,11408,0,4,0,0,8192,8,0,3,1048576,1024,1088,0,1
191,34404,0,0,0,4,0,0,37584,2,25,9,2097152,0,0,0,1
192,332,0,0,1,4,0,0,0,2,25,5,2097152,0,0,0,1
193,34404,0,0,0,4,0,0,33404,2,25,9,2097152,0,0,0,1
194,34404,0,0,0,4,0,0,174232,2,25,9,2097152,0,0,0,1
195,332,28,28232,0,4,0,0,8192,8,0,3,1048576,1024,808,0,1
196,34404,0,0,0,4,0,0,50628,2,27,11,2097152,0,5008,0,1
197,332,0,0,0,4,0,0,20480,6,0,4,1048576,0,12516,0,1
198,34404,0,0,0,4,0,0,38044,2,27,11,2097152,0,5024,0,1
199,332,56,6400,10,10,0,0,36864,12,10,5,262144,49472,2168,0,1
200,332,0,0,0,4,0,0,8192,6,0,3,1048576,1024,2120,0,1
201,332,0,0,1,4,0,0,0,2,25,5,2097152,0,0,0,1
202,332,0,0,6,5,0,0,1088116,2,25,8,1048576,32768,103424,0,1
203,332,28,19640,0,4,0,0,8192,11,0,3,1048576,34144,2296,0,1
204,34404,0,0,0,4,49152,2143,54420,2,25,11,2097152,0,0,0,1
205,332,28,4144,10,6,0,0,12536,11,0,5,1048576,33088,1440,0,1
206,34404,0,0,0,4,0,0,37504,2,25,9,2097152,0,0,0,1
207,332,28,22704,0,4,0,0,8192,11,0,3,1048576,38240,1848,0,1
208,34404,28,1474944,0,4,0,0,0,8,0,2,4194304,34112,145616,0,1
209,34404,0,0,0,4,0,0,550464,2,25,9,2097152,0,0,0,1
210,332,0,0,1,4,0,0,0,2,25,5,2097152,0,0,0,1
211,34404,0,0,0,4,0,0,37564,2,25,10,2097152,0,1504,0,1
212,332,0,0,0,4,0,0,8192,6,0,3,1048576,0,856,0,1
213,332,28,187476,0,4,0,0,8192,11,0,3,1048576,34144,1400,0,1
214,332,0,0,0,6,0,0,36864,11,0,4,1048576,33088,0,0,1
215,34404,0,0,0,4,0,0,76464,2,27,11,2097152,0,5000,0,1
216,34404,0,0,0,4,0,0,154456,2,25,9,2097152,320,0,0,1
217,332,28,12928,0,5,0,0,12288,14,0,6,1048576,33088,480,0,1
218,34404,0,0,0,4,0,0,78976,2,25,9,2097152,0,0,0,1
219,332,0,0,1,4,0,0,0,2,25,5,2097152,0,0,0,1
220,332,28,57168,0,4,0,0,8192,8,0,3,1048576,1344,1624,0,1
221,332,28,271740,0,4,0,0,8192,8,0,3,1048576,1024,22296,0,1
222,34404,28,7184,6,6,0,0,4096,10,10,5,1048576,33088,877424,0,1
223,332,0,0,1,4,0,0,0,2,25,5,2097152,0,0,0,1
224,332,0,0,1,4,0,0,0,2,25,5,2097152,0,0,0,1
225,332,0,0,1,4,0,0,0,2,25,5,2097152,0,0,0,1
226,34404,0,0,0,4,0,0,38112,2,27,11,2097152,0,5024,0,1
227,34404,56,35456,17,6,0,0,32768,12,0,6,1048576,32864,263436,0,1
228,332,56,18896,10,10,0,0,45056,12,10,5,262144,49472,4736,0,1
229,34404,0,0,0,4,0,0,259900,2,25,9,2097152,0,0,0,1
230,34404,0,0,0,4,0,0,70480,2,25,9,2097152,0,0,0,1
231,34404,0,0,0,4,0,0,54784,2,27,11,2097152,0,5000,0,1
232,34404,0,0,0,4,0,0,409600,8,0,5,1048576,32768,1180604,0,1
233,332,28,529312,0,5,0,0,528384,9,0,4,1048576,32768,6380,0,1
234,34404,0,0,0,4,0,0,54460,2,27,11,2097152,0,5016,0,1
235,34404,0,0,0,4,0,0,231924,2,25,9,2097152,0,0,0,1
236,332,0,0,1,4,0,0,0,2,25,5,2097152,0,0,0,1
237,34404,0,0,0,5,0,0,110592,9,0,6,1048576,33088,964,0,1
238,34404,0,0,0,4,0,0,37772,2,27,11,2097152,0,5000,0,1
239,332,0,0,1,4,0,0,0,2,25,5,2097152,0,0,0,1
240,332,0,0,1,4,0,0,0,2,25,5,2097152,0,0,0,1
241,34404,0,0,0,4,0,0,42324,2,27,11,2097152,0,5008,0,1
242,332,28,35832,0,4,0,0,8192,6,0,3,1048576,0,8928,0,1
243,332,28,76212,0,4,0,0,8192,11,0,3,1048576,34112,1344,0,1
244,34404,0,0,0,4,0,0,58788,2,25,9,2097152,0,0,0,1
245,332,0,0,0,4,0,0,8192,11,0,3,1048576,34144,13720,0,1
246,34404,0,0,0,4,0,0,38180,2,27,11,2097152,0,4984,0,1
247,34404,56,223136,0,6,330960,163,221184,12,0,5,1048576,33056,436,0,1
248,34404,0,0,0,4,0,0,42336,2,27,11,2097152,0,4992,0,1
249,332,28,37316,0,4,0,0,8192,8,0,3,1048576,34112,2000,0,1
250,332,28,26020,0,4,0,0,8192,8,0,3,1048576,34112,2048,0,1
251,332,0,0,1,4,0,0,24872,2,22,8,2097152,0,23860,0,1
252,332,28,152304,0,5,0,0,151552,9,0,4,1048576,32768,5104,0,1
253,34404,56,23024,10,10,0,0,20480,12,10,7,524288,49504,28400,0,1
254,332,0,0,1,4,0,0,0,2,25,5,2097152,0,0,0,1
255,332,0,0,0,4,0,0,8192,8,0,3,1048576,1024,744,0,1
256,332,28,37168,4,4,0,0,36864,5,12,4,1048576,0,5952,0,1
257,332,28,4880,6,6,48064,178,4096,10,10,4,262144,33088,5540,0,1
258,34404,0,0,0,4,0,0,157752,2,25,9,2097152,0,0,0,1
259,34404,0,0,0,4,0,0,345768,2,25,9,2097152,0,0,0,1
260,332,56,42688,0,6,0,0,36864,14,10,7,1048576,33088,100388,0,1
261,332,28,256396,0,4,0,0,8192,11,0,3,1048576,34144,67376,0,1
262,34404,0,0,0,5,0,0,229376,9,0,6,1048576,33088,688,0,1
263,332,56,184944,0,5,0,0,184320,12,0,5,1048576,33088,816,0,1
264,34404,0,0,0,4,0,0,157720,2,25,9,2097152,0,0,0,1
265,34404,0,0,0,5,0,0,49152,9,0,6,1048576,33088,964,0,1
266,332,28,48700,0,4,0,0,8192,8,0,3,1048576,1344,1400,0,1
267,332,28,88376,0,4,0,0,8192,8,0,3,1048576,34112,4824,0,1
268,34404,0,0,0,4,0,0,123944,2,25,10,2097152,0,1504,0,1
269,34404,84,495872,0,5,0,0,442368,14,0,8,1048576,33120,31424,0,1
270,332,0,0,0,1,577536,1384,0,2,25,8,1048576,0,200704,0,1
271,332,0,0,1,4,0,0,0,2,25,5,2097152,0,0,0,1
272,332,28,10896,0,4,0,0,8192,11,0,3,1048576,34112,1768,0,1
273,34404,56,31632,10,10,0,0,28672,12,10,6,524288,49504,1976,0,1
274,332,28,10632,0,4,0,0,8192,8,0,3,1048576,1024,1032,0,1
275,34404,56,37568,0,6,52464,135,36864,12,0,5,67108864,33056,99280,0,1
276,34404,0,0,0,4,0,0,54652,2,27,11,2097152,0,4984,0,1
277,332,56,5632,10,10,0,0,28672,12,10,6,262144,49216,26464,0,1
278,34404,0,0,0,4,0,0,42508,2,27,11,2097152,0,5024,0,1
279,332,28,592776,0,4,0,0,592768,8,0,3,1048576,34112,988,0,1
280,34404,84,114688,0,5,0,0,81920,14,0,7,1048576,33120,920,0,1
281,34404,0,0,0,4,0,0,37708,2,27,11,2097152,0,5016,0,1
282,34404,0,0,0,5,0,0,126976,9,0,6,1048576,33088,964,0,1
283,34404,0,0,0,4,0,0,37972,2,27,11,2097152,0,4992,0,1
284,34404,0,0,0,4,0,0,198700,2,25,9,2097152,0,0,0,1
285,34404,0,0,0,4,0,0,50420,2,27,11,2097152,0,5032,0,1
286,34404,0,0,0,4,0,0,58120,2,25,9,12582912,0,0,0,1
287,332,28,91248,0,5,0,0,86016,14,0,6,1048576,33088,480,0,1
288,332,28,4512,8,5,0,0,4096,8,0,3,1048576,32832,2152,0,1
289,34404,0,0,0,4,0,0,46336,2,27,11,2097152,0,5024,0,1
290,34404,0,0,0,4,0,0,55404,2,27,11,2097152,0,5000,0,1
291,332,28,51792,0,5,0,0,49152,14,0,7,1048576,33088,480,0,1
292,34404,0,0,0,5,0,0,90112,9,0,6,1048576,33088,964,0,1
293,34404,0,0,0,4,0,0,33372,2,25,9,2097152,0,0,0,1
294,34404,0,0,0,4,0,0,378740,2,25,10,2097152,0,23896,0,1
295,34404,28,399328,0,4,0,0,0,8,0,2,4194304,1024,12584,0,1
296,34404,0,0,0,4,0,0,42180,2,27,11,2097152,0,4992,0,1
297,332,56,4208,10,10,0,0,12288,12,10,5,262144,49472,75552,0,1
298,332,28,4144,10,6,0,0,12536,11,0,5,1048576,33088,1460,0,1
299,34404,0,0,0,4,0,0,46720,2,27,11,2097152,0,5008,0,1
300,332,28,66612,0,4,0,0,8192,11,0,3,1048576,34112,1640,0,1
301,34404,56,69888,10,10,0,0,65536,12,10,6,524288,49504,2080,0,1
302,34404,28,42176,0,5,0,0,40960,10,0,6,1048576,33088,2032,0,1
303,34404,56,31824,10,10,0,0,28672,12,10,7,524288,49504,2056,0,1
304,332,28,646828,0,4,0,0,8192,8,0,3,1048576,34112,4848,0,1
305,34404,56,160688,0,6,216576,203,159744,12,0,5,1048576,33056,157112,0,1
306,332,0,0,0,4,0,0,8192,6,0,3,1048576,1024,2256,0,1
307,332,56,4144,10,6,0,0,21016,11,0,5,1048576,33088,1460,0,1
308,332,56,222304,0,6,0,0,221184,12,0,5,1048576,33088,11976,0,1
309,34404,0,0,0,4,0,0,272204,2,25,9,2097152,0,0,0,1
310,34404,0,0,0,4,0,0,37528,2,25,9,2097152,0,0,0,1
311,34404,56,181296,0,6,238464,230,180224,12,0,5,1048576,33056,71816,0,1
312,332,28,10648,0,4,0,0,8192,8,0,3,1048576,1344,1024,0,1
313,332,0,0,1,4,0,0,0,2,25,5,2097152,0,0,0,1
314,332,56,107120,0,6,0,0,106496,12,0,5,1048576,33088,480,0,1
315,332,28,451888,0,5,0,0,450560,9,0,5,1048576,33088,49601,0,1
316,34404,56,25584,0,6,32192,231,24576,12,0,5,1048576,33056,436,0,1
317,34404,0,0,0,4,0,0,45780,2,25,10,2097152,0,1504,0,1
318,332,28,41268,0,4,0,0,8192,8,0,3,1048576,34112,16736,0,1
319,34404,0,0,0,4,0,0,315392,8,0,5,1048576,32768,784,0,1
320,34404,0,0,0,4,0,0,38124,2,27,11,2097152,0,5000,0,1
321,332,0,0,1,4,0,0,0,2,25,5,2097152,0,0,0,1
322,34404,56,43344,10,10,0,0,36864,12,10,6,524288,49504,5376,0,1
323,34404,0,0,0,4,0,0,46180,2,25,9,2097152,0,0,0,1
324,332,28,1004160,0,5,0,0,999424,10,0,5,1048576,33088,315916,0,1
325,34404,0,0,0,4,0,0,80052,2,27,11,2097152,0,5000,0,1
326,332,28,17460,0,4,0,0,8192,11,0,3,1048576,34144,1408,0,1
327,34404,28,6256,6,6,546416,112,4096,10,10,5,1048576,33088,7196,0,1
328,332,28,128664,0,4,0,0,8192,11,0,3,1048576,34112,12676,0,1
329,34404,56,74256,10,10,0,0,65536,12,10,6,524288,49504,4536,0,1
330,332,28,4144,10,6,0,0,25104,11,0,5,1048576,33088,3744,0,1
331,332,0,0,0,4,0,0,8192,8,0,3,1048576,1344,1168,0,1
332,332,0,0,6,5,0,0,1108596,2,25,9,1048576,32768,167816,0,1
333,34404,56,33904,0,6,42304,207,32768,12,0,5,1048576,33056,436,0,1
334,332,0,0,1,4,0,0,0,2,25,5,2097152,0,0,0,1
335,34404,0,0,5,5,135168,120,124048,8,0,11,1048576,0,1536,0,1
336,332,28,8912,0,4,0,0,8192,6,0,3,1048576,1024,2144,0,1
337,332,56,6352,10,10,0,0,32768,12,10,5,262144,49472,6456,0,1
338,34404,0,0,0,5,0,0,61440,9,0,4,1048576,32768,0,0,1
339,332,28,26756,0,4,0,0,8192,11,0,3,1048576,34112,2008,0,1
340,34404,56,18352,10,10,0,0,16384,12,10,6,524288,49504,56376,0,1
341,332,0,0,1,4,0,0,0,2,25,5,2097152,0,0,0,1
342,34404,0,0,0,4,0,0,38148,2,27,11,2097152,0,5016,0,1
343,34404,56,258048,10,10,299856,379,204800,12,10,6,524288,49504,6032,0,1
344,332,28,22692,0,4,0,0,8192,11,0,3,1048576,38240,1816,0,1
345,332,56,78336,17,6,0,0,77824,12,0,5,1048576,33088,2408,0,1
346,332,28,4144,10,6,0,0,197420,11,0,5,1048576,33088,15984,0,1
347,34404,56,34800,10,10,0,0,32768,12,10,6,524288,49504,2160,0,1
348,34404,28,5264,6,6,109520,114,4096,10,10,5,2097152,33088,1704,0,1
349,332,0,0,6,5,0,0,1088116,2,25,8,1048576,32768,113368,0,1
350,332,28,4144,10,6,0,0,37564,11,0,5,1048576,33088,16012,0,1
351,332,0,0,0,1,110592,203,0,2,25,7,1048576,0,0,0,1
352,34404,56,195968,17,6,235744,100,192512,12,0,6,1048576,33120,63296,0,1
353,34404,56,45728,10,10,0,0,40960,12,10,7,524288,49504,29240,0,1
354,332,28,238400,0,5,0,0,237568,9,0,5,1048576,33088,1832,0,1
355,332,56,5296,10,10,0,0,20480,12,10,5,262144,49472,19552,0,1
356,34404,0,0,0,4,0,0,50424,2,27,11,2097152,0,5000,0,1
357,34404,0,0,0,4,0,0,37488,2,25,9,2097152,0,0,0,1
358,34404,56,27872,10,10,0,0,24576,12,10,6,524288,49504,1360,0,1
359,34404,56,29296,0,6,35568,278,28672,12,0,5,1048576,33056,70312,0,1
360,34404,56,79088,10,6,0,0,77824,11,0,6,1048576,33120,1484,0,1
361,34404,0,0,0,4,0,0,54620,2,25,9,2097152,0,0,0,1
362,332,56,11872,10,10,0,0,36864,12,10,5,262144,49472,2048,0,1
363,332,28,18620,0,4,0,0,8192,11,0,3,1048576,34112,2296,0,1
364,34404,56,22048,10,10,0,0,20480,12,10,6,524288,49504,46056,0,1
365,332,28,17980,0,4,0,0,8192,8,0,3,1048576,34112,4872,0,1
366,34404,56,8928,10,10,0,0,8192,12,10,6,524288,49504,72096,0,1
367,332,56,74160,17,6,0,0,73728,12,0,5,1048576,33088,2440,0,1
368,34404,56,159632,12,5,0,0,155648,12,0,7,1048576,33120,10980,0,1
369,332,84,95088,0,6,143728,2049,94208,11,0,5,1048576,33088,3844,0,1
370,332,28,53632,0,5,0,0,53248,10,0,5,1048576,33088,20644,0,1
371,34404,0,0,0,4,0,0,50388,2,27,11,2097152,0,5000,0,1
372,332,28,230840,0,4,0,0,8192,11,0,3,1048576,34144,12684,0,1
373,34404,56,13360,10,10,0,0,12288,12,10,6,524288,49504,76920,0,1
374,332,84,270812,10,6,0,0,282624,11,0,6,1048576,33088,93076,0,1
375,332,0,0,1,4,0,0,0,2,25,5,2097152,0,0,0,1
376,34404,28,5184,6,6,0,0,4096,10,10,5,1048576,33088,1748,0,1
377,34404,56,67248,10,10,0,0,57344,12,10,7,524288,49504,2088,0,1
378,34404,0,0,0,4,0,0,37708,2,27,11,2097152,0,5016,0,1
379,34404,0,0,0,4,0,0,99468,2,25,9,2097152,0,0,0,1
380,332,0,0,0,4,0,0,8192,6,0,3,1048576,1024,4296,0,1
381,332,0,0,0,4,0,0,28672,6,0,4,1048576,0,4696,0,1
382,34404,0,0,0,4,0,0,38092,2,27,11,2097152,0,4992,0,1
383,34404,0,0,0,4,0,0,301272,2,25,9,2097152,0,0,0,1
384,34404,28,161248,0,5,0,0,159744,9,0,5,1048576,32768,5104,0,1
385,332,28,30612,0,4,0,0,8192,11,0,3,1048576,34112,1336,0,1
386,34404,0,0,0,4,0,0,33304,2,25,9,2097152,0,0,0,1
387,34404,0,0,0,4,0,0,37720,2,27,11,2097152,0,5048,0,1
388,34404,28,28800,0,4,0,0,0,48,0,2,4194304,34144,2320,0,1
389,332,0,0,1,4,0,0,0,2,25,5,2097152,0,0,0,1
390,34404,0,0,0,4,0,0,169992,2,25,9,2097152,0,0,0,1
391,332,28,62400,0,5,0,0,61440,10,0,5,1048576,33088,11968,0,1
392,332,56,5536,10,10,0,0,32768,12,10,5,262144,49472,2080,0,1
393,332,0,0,6,5,0,0,32768,10,0,6,1048576,34112,8456,0,1
394,332,28,15784,0,4,0,0,8192,8,0,3,1048576,34112,1432,0,1
395,34404,56,41984,10,10,0,0,36864,12,10,6,524288,49504,2056,0,1
396,332,28,72140,0,4,0,0,8192,8,0,3,1048576,34112,1656,0,1
397,34404,56,29392,10,10,0,0,24576,12,10,6,524288,49504,2352,0,1
398,332,0,0,1,4,0,0,0,2,25,5,2097152,0,0,0,1
399,34404,56,235440,10,6,0,0,233472,11,0,6,1048576,33120,1488,0,1
400,332,0,0,0,1,94208,203,0,2,25,8,1048576,0,2048,0,1
401,34404,0,0,0,4,0,0,476092,2,25,9,12582912,0,0,0,1
402,34404,28,32460,0,4,0,0,0,8,0,2,4194304,1344,1520,0,1
403,332,56,4288,10,10,0,0,16384,12,10,5,262144,49472,49136,0,1
404,332,0,0,1,4,0,0,0,2,25,5,2097152,0,0,0,1
405,332,28,4128,6,6,0,0,45544,10,10,5,262144,33088,1712,0,1
406,332,56,55904,0,6,0,0,49152,14,10,7,1048576,33088,386588,0,1
407,34404,0,0,0,4,0,0,88560,2,27,11,2097152,0,5024,0,1
408,332,28,58444,0,4,0,0,8192,11,0,3,1048576,34144,2096,0,1
409,332,84,37748,0,6,0,0,40960,14,10,5,1048576,33088,19264,0,1
410,34404,0,0,0,4,0,0,54632,2,27,11,2097152,0,5000,0,1
411,332,0,0,0,5,0,0,24576,10,0,5,1048576,33088,436,0,1
412,34404,56,37376,10,10,0,0,32768,12,10,7,524288,49632,1744,0,1
413,332,28,12076,0,4,0,0,8192,8,0,3,1048576,1024,1768,0,1
414,34404,28,25520,0,5,0,0,24576,10,0,6,1048576,33088,33048,0,1
415,34404,56,50656,10,10,0,0,24576,12,10,6,524288,49504,1344,0,1
416,34404,28,193840,0,5,0,0,192512,10,0,6,1048576,33088,32936,0,1
417,34404,56,42080,10,10,0,0,32768,12,10,7,524288,49632,2264,0,1
418,332,28,10804,0,4,0,0,8192,8,0,3,1048576,34112,1056,0,1
419,34404,0,0,0,4,0,0,103620,2,27,11,2097152,0,5000,0,1
420,34404,0,0,0,4,0,0,33328,2,25,9,2097152,0,0,0,1
421,332,28,27904,0,4,0,0,8192,8,0,3,1048576,1344,1560,0,1
422,332,28,30068,0,4,0,0,8192,48,0,3,1048576,34144,2328,0,1
423,332,0,0,6,4,0,0,28672,6,0,5,1048576,32768,18200,0,1
424,332,56,166472,0,4,0,0,8192,48,0,3,1048576,34144,272704,0,1
425,34404,0,0,0,4,0,0,46412,2,27,11,2097152,0,5016,0,1
426,332,28,10632,0,4,0,0,8192,8,0,3,1048576,1024,1032,0,1
427,34404,56,250688,0,6,0,0,249856,12,0,5,1048576,33056,436,0,1
428,34404,0,0,0,5,0,0,81920,9,0,6,1048576,33088,964,0,1
429,34404,56,35456,17,6,0,0,32768,12,0,6,1048576,32864,266092,0,1
430,332,0,0,1,4,0,0,0,2,25,5,2097152,0,0,0,1
431,332,56,12912,10,10,0,0,36864,12,10,5,262144,49472,3008,0,1
432,332,0,0,1,4,0,0,0,2,25,5,2097152,0,0,0,1
433,332,28,18248,0,4,0,0,8192,8,0,3,1048576,34112,2024,0,1
434,34404,0,0,0,4,0,0,66988,2,27,11,2097152,0,5000,0,1
435,332,28,45648,0,5,0,0,32768,14,0,7,1048576,33088,9984,0,1
436,332,28,26504,0,4,0,0,8192,8,0,3,1048576,1344,1624,0,1
437,332,28,47808,0,4,0,0,8192,11,0,3,1048576,34144,1664,0,1
438,332,0,0,0,4,0,0,8192,6,0,3,1048576,1024,2304,0,1
439,332,56,4224,10,10,0,0,12288,12,10,5,262144,49472,75592,0,1
440,332,56,62096,0,6,0,0,61440,11,0,5,1048576,33088,2440,0,1
441,332,28,111456,0,4,0,0,8192,11,0,3,1048576,34144,30928,0,1
442,34404,0,0,0,4,0,0,182488,2,25,9,2097152,0,0,0,1
443,34404,0,0,0,4,0,0,42268,2,27,11,2097152,0,4992,0,1
444,34404,0,0,0,4,0,0,37708,2,27,11,2097152,0,4984,0,1
445,332,0,0,1,4,0,0,0,2,25,5,2097152,0,0,0,1
446,34404,0,0,0,4,0,0,128024,2,25,10,2097152,0,1504,0,1
447,332,28,4128,6,6,0,0,20824,10,10,5,262144,33088,3584,0,1
448,332,28,78632,0,4,0,0,8192,8,0,3,1048576,34112,11456,0,1
449,34404,0,0,0,4,0,0,59224,2,27,11,2097152,0,5000,0,1
450,34404,0,0,0,4,0,0,37988,2,27,11,2097152,0,5000,0,1
451,34404,56,32400,10,10,0,0,28672,12,10,6,524288,49504,1744,0,1
452,332,28,45472,0,5,0,0,45056,9,0,5,1048576,33088,2088,0,1
453,34404,0,0,0,4,0,0,55728,2,27,11,2097152,0,5016,0,1
454,332,0,0,0,1,0,0,0,2,25,8,1048576,32768,10752,0,1
455,34404,0,0,0,5,0,0,299008,10,0,6,1048576,33088,1844,0,1
456,332,0,0,0,1,192512,228,0,2,25,8,1048576,0,11264,0,1
457,34404,28,203104,0,4,0,0,200704,8,0,5,1048576,32768,312788,0,1
458,332,0,0,1,4,0,0,0,2,25,5,2097152,0,0,0,1
459,34404,56,428256,10,6,0,0,421888,11,0,6,1048576,33120,108872,0,1
460,332,28,686844,0,4,0,0,8192,11,0,3,1048576,34144,18648,0,1
461,34404,0,0,0,4,0,0,38192,2,27,11,2097152,0,5024,0,1
462,332,0,0,1,5,0,0,45056,9,0,4,1048576,32768,45056,0,1
463,332,28,668336,0,4,0,0,8192,8,0,3,1048576,34112,119304,0,1
464,34404,56,13440,10,10,0,0,12288,12,10,6,524288,49504,54104,0,1
465,34404,0,0,0,4,0,0,50712,2,27,11,2097152,0,5000,0,1
466,34404,0,0,0,4,0,0,42232,2,27,11,2097152,0,4984,0,1
467,34404,0,0,0,4,0,0,46348,2,27,11,2097152,0,5024,0,1
468,34404,56,839776,0,6,1099296,159,835584,12,0,5,1048576,33056,70500,0,1
469,34404,28,5504,6,6,0,0,4096,10,10,5,1048576,33088,1688,0,1
470,332,56,16016,10,10,0,0,45056,12,10,5,262144,49472,1744,0,1
471,34404,56,43360,10,10,0,0,40960,12,10,7,524288,49504,1704,0,1
472,332,28,90548,0,4,0,0,8192,8,0,3,1048576,34112,1448,0,1
473,332,56,4224,10,10,0,0,12288,12,10,5,262144,49472,28496,0,1
474,34404,0,0,0,4,0,0,115724,2,27,11,2097152,0,5016,0,1
475,34404,0,0,0,4,0,0,37504,2,25,9,2097152,0,0,0,1
476,34404,0,0,0,4,0,0,37504,2,25,9,2097152,0,0,0,1
477,332,28,40544,0,4,0,0,8192,8,0,3,1048576,34112,11288,0,1
478,34404,0,0,0,4,0,0,37704,2,27,11,2097152,0,5008,0,1
479,332,0,0,0,1,81920,233,0,2,25,8,1048576,0,57856,0,1
480,34404,28,42000,0,5,0,0,40960,10,0,6,1048576,33088,2040,0,1
481,34404,0,0,0,4,0,0,37664,2,25,9,2097152,0,0,0,1
482,34404,0,0,0,4,0,0,46428,2,27,11,2097152,0,5000,0,1
483,34404,0,0,0,4,0,0,46420,2,27,11,2097152,0,5008,0,1
484,332,0,0,1,4,0,0,0,2,25,5,2097152,0,0,0,1
485,34404,0,0,0,4,0,0,341724,2,27,11,2097152,0,5024,0,1
486,34404,84,26656,10,6,28752,819,24576,12,10,6,1048576,33120,1864,0,1
487,34404,56,27216,10,10,0,0,24576,12,10,6,524288,49504,2136,0,1
488,34404,0,0,0,4,0,0,62680,2,27,11,2097152,0,5008,0,1
489,332,28,79708,0,4,0,0,8192,11,0,3,1048576,34144,41968,0,1
490,332,0,0,1,4,0,0,0,2,25,5,2097152,0,0,0,1
491,332,0,0,6,5,0,0,32768,9,0,5,1048576,33792,79336,0,1
492,34404,28,58128,0,5,0,0,57344,10,0,6,1048576,33088,20644,0,1
493,332,112,308480,0,6,0,0,258048,14,0,6,1048576,33088,480,0,1
494,34404,84,1174400,0,5,0,0,1073152,14,0,8,1048576,33120,219408,0,1
495,332,28,4144,10,6,0,0,16672,11,0,5,1048576,33088,1476,0,1
496,34404,0,0,0,4,0,0,42252,2,27,11,2097152,0,5000,0,1
497,332,0,0,1,4,0,0,0,2,25,5,2097152,0,0,0,1
498,332,0,0,0,1,69632,203,0,2,25,7,1048576,0,0,0,1
499,34404,0,0,0,4,0,0,37528,2,25,9,2097152,0,0,0,1
500,34404,28,5952,6,6,109184,148,4096,10,10,5,1048576,33088,10064,0,1
501,34404,0,0,0,4,0,0,41584,2,25,9,2097152,0,0,0,1
502,332,0,0,1,4,0,0,0,2,25,5,2097152,0,0,0,1
503,332,28,144092,0,4,0,0,8192,11,0,3,1048576,34144,14228,0,1
504,34404,28,5232,6,6,0,0,4096,10,10,6,1048576,33088,1668,0,1
505,34404,0,0,0,4,0,0,54864,2,27,11,2097152,0,4984,0,1
506,34404,0,0,0,4,0,0,38076,2,27,11,2097152,0,5008,0,1
507,34404,0,0,0,4,0,0,37572,2,25,9,2097152,0,0,0,1
508,34404,56,26656,10,10,0,0,24576,12,10,7,524288,49632,2312,0,1
509,332,28,72848,0,5,0,0,69632,14,0,7,1048576,33088,480,0,1
510,34404,28,427936,0,5,0,0,425984,10,0,9,1048576,33088,131684,0,1
511,332,56,29232,0,6,0,0,28672,12,0,5,1048576,33088,1648,0,1
512,34404,0,0,0,4,0,0,46080,2,27,11,2097152,0,5000,0,1
513,332,56,4176,10,6,0,0,148340,11,0,6,1048576,33088,1456,0,1
514,332,28,851804,0,4,0,0,8192,8,0,3,1048576,34112,4784,0,1
515,34404,0,0,0,4,0,0,50664,2,27,11,2097152,0,4984,0,1
516,332,56,8944,10,10,0,0,57344,12,10,6,262144,49216,7944,0,1
517,332,28,24860,0,4,0,0,8192,11,0,3,1048576,34144,1640,0,1
518,34404,28,366016,0,5,0,0,364544,10,0,7,1048576,33088,125612,0,1
519,332,28,42188,0,4,0,0,8192,11,0,3,1048576,34144,1584,0,1
520,34404,0,0,0,4,0,0,50576,2,27,11,2097152,0,5000,0,1
521,332,28,61816,0,4,0,0,8192,8,0,3,1048576,34112,4824,0,1
522,34404,0,0,0,4,0,0,46240,2,27,11,2097152,0,5000,0,1
523,332,28,29296,0,5,0,0,28672,9,0,6,1048576,33088,33840,0,1
524,332,28,51892,0,4,0,0,8192,11,0,3,1048576,34144,2120,0,1
525,34404,56,38496,10,10,0,0,32768,12,10,7,1048576,49504,1840,0,1
526,332,28,4144,10,6,0,0,12536,11,0,5,1048576,33088,1460,0,1
527,34404,0,0,0,4,0,0,186736,2,25,9,2097152,0,0,0,1
528,332,28,954704,0,5,0,0,950272,10,0,5,1048576,33088,964,0,1
529,34404,56,31312,17,6,0,0,28672,12,0,6,1048576,33120,133540,0,1
530,332,84,1227552,0,5,1294480,236,1077248,14,10,6,1048576,33088,371952,0,1
531,34404,84,124928,10,10,0,0,77824,14,20,6,524288,49504,6320,0,1
532,34404,28,778368,0,5,0,0,774144,10,0,8,1048576,33088,153504,1,1
533,34404,56,13792,10,10,0,0,12288,12,10,6,524288,49504,208016,0,1
534,34404,84,227904,10,10,0,0,77824,14,20,6,524288,49504,1064,0,1
535,34404,0,0,0,4,0,0,37900,2,27,11,2097152,0,4992,0,1
536,332,28,81424,0,4,0,0,8192,11,0,3,1048576,34112,3032,0,1
537,34404,0,0,0,4,0,0,46424,2,27,11,2097152,0,5016,0,1
538,34404,56,14688,10,10,0,0,12288,12,10,7,524288,49504,153896,0,1
539,34404,0,0,0,4,0,0,46616,2,27,11,2097152,0,5024,0,1
540,34404,84,4277904,21315,10,0,0,3935472,14,20,10,524288,49632,11232,0,1
541,332,112,211936,0,6,0,0,155648,14,16,5,1048576,33088,1384,0,1
542,332,0,0,0,4,0,0,28672,6,0,5,1048576,0,5344,0,1
543,34404,0,0,0,4,0,0,271172,2,25,10,2097152,0,1256,0,1
544,34404,84,147104,10,10,0,0,73104,14,20,6,524288,49504,1064,0,1
545,34404,56,74800,0,6,0,0,73728,12,0,6,1048576,33120,1720,0,1
546,34404,84,179872,10,10,0,0,103808,14,20,6,524288,49504,1112,0,1
547,332,0,0,1,4,0,0,0,2,27,5,12582912,0,0,0,1
548,34404,0,0,0,4,0,0,50424,2,27,11,2097152,0,5008,0,1
549,34404,0,0,0,4,0,0,37628,2,25,9,2097152,0,0,0,1
550,34404,56,178000,10,10,0,0,139264,12,10,6,524288,49504,150128,0,1
551,332,28,124324,0,4,0,0,8192,11,0,3,1048576,34144,12160,0,1
552,332,28,53608,0,4,0,0,8192,11,0,3,1048576,34144,5408,0,1
553,332,56,16064,10,10,0,0,77824,12,10,6,262144,49472,3328,0,1
554,34404,0,0,0,5,0,0,245760,9,0,6,1048576,33088,964,1,1
555,34404,0,0,0,4,0,0,37700,2,27,11,2097152,0,5000,0,1
556,34404,56,8640,10,10,0,0,8192,12,10,6,524288,49504,75152,0,1
557,332,56,7280,10,10,0,0,73728,12,10,5,262144,49472,2064,0,1
558,34404,0,0,0,4,0,0,50520,2,27,11,2097152,0,5000,0,1
559,34404,28,66432,10,5,0,0,65536,10,0,6,1048576,33088,1536,0,1
560,332,112,418544,0,5,454176,128,344064,14,0,7,1048576,33088,18528,0,1
561,34404,56,1257136,10,10,0,0,1118208,12,10,7,524288,49504,74984,0,1
562,332,28,15384,0,4,0,0,8192,11,0,3,1048576,34112,1992,0,1
563,34404,0,0,0,4,0,0,46236,2,27,11,2097152,0,5000,0,1
564,34404,0,0,0,4,0,0,50860,2,27,11,2097152,0,5000,0,1
565,332,56,5280,10,10,0,0,16384,12,10,5,262144,49472,62384,0,1
566,34404,0,0,0,4,0,0,42320,2,27,11,2097152,0,4992,0,1
567,34404,84,258352,0,5,279136,192,204800,14,0,7,1048576,33120,920,0,1
568,34404,56,32368,10,10,0,0,24576,12,10,6,524288,49504,1024,0,1
569,332,84,30768,0,6,0,0,32768,14,10,5,1048576,33088,0,0,1
570,34404,0,0,0,4,0,0,46576,2,27,11,2097152,0,5024,0,1
571,34404,0,0,0,4,0,0,144520,2,25,9,2097152,0,0,0,1
572,34404,56,52624,10,10,0,0,45056,12,10,6,524288,49504,10648,0,1
573,34404,0,0,0,4,0,0,42204,2,27,11,2097152,0,5000,0,1
574,34404,0,0,0,4,0,0,38076,2,27,11,2097152,0,5024,0,1
575,34404,28,43936,0,4,0,0,0,8,0,2,4194304,34112,12656,0,1
576,332,56,15296,0,6,0,0,12288,14,10,6,1048576,33088,15892,0,1
577,332,0,0,1,4,0,0,0,2,25,5,2097152,0,0,0,1
578,34404,0,0,0,4,0,0,78752,2,25,9,12582912,0,0,0,1
579,332,28,47656,0,4,0,0,8192,8,0,3,1048576,1344,1528,0,1
580,34404,0,0,0,4,0,0,59052,2,27,11,2097152,0,5024,0,1
581,34404,0,0,0,4,0,0,58944,2,27,11,2097152,0,4984,0,1
582,332,0,0,1,4,0,0,0,2,25,5,2097152,0,0,0,1
583,34404,56,342928,17,6,0,0,339968,12,0,6,1048576,33120,241064,0,1
584,332,0,0,0,1,114688,204,0,2,25,7,1048576,0,0,0,1
585,332,28,4144,10,6,0,0,164544,11,0,5,1048576,33088,16008,0,1
586,34404,56,25216,0,6,30880,270,24576,12,0,5,1048576,33056,70304,0,1
587,34404,0,0,0,4,0,0,50728,2,27,11,2097152,0,5024,0,1
588,34404,56,42016,0,6,54336,167,40960,12,0,6,1048576,33056,436,0,1
589,34404,0,0,0,4,0,0,84032,2,27,11,2097152,0,4992,0,1
590,332,0,0,0,1,192512,225,0,2,25,7,1048576,0,0,0,1
591,34404,0,0,0,4,0,0,128024,2,25,10,2097152,0,1504,0,1
592,332,0,0,0,1,0,0,0,2,25,8,1048576,32768,10752,0,1
593,332,28,339480,0,4,0,0,8192,11,0,3,1048576,34144,29012,0,1
594,34404,84,268160,10,10,0,0,192512,14,20,6,524288,49504,1048,0,1
595,34404,56,29616,0,6,37136,159,28672,12,0,5,1048576,33056,71408,0,1
596,34404,0,0,0,4,0,0,54968,2,27,11,2097152,0,4984,0,1
597,332,84,21984,10,10,0,0,126976,14,20,5,262144,49472,90752,0,1
598,332,28,4144,10,6,0,0,410240,11,0,5,1048576,33088,21352,0,1
599,34404,56,104736,10,10,0,0,90112,12,10,6,524288,49504,687336,0,1
600,332,28,36824,0,4,0,0,8192,11,0,3,1048576,34144,1592,0,1
601,332,0,0,1,4,0,0,0,2,25,5,2097152,0,0,0,1
602,34404,28,5536,6,6,75200,2203,4096,10,10,5,524288,33088,1684,0,1
603,332,28,508512,0,5,0,0,507904,10,0,5,1048576,33088,1188,0,1
604,34404,56,53664,10,10,0,0,49152,12,10,6,524288,49504,2064,0,1
605,332,56,8704,10,10,0,0,28672,12,10,5,262144,49472,44800,0,1
606,34404,28,5088,6,6,0,0,4096,10,10,5,1048576,33088,1736,0,1
607,332,28,168768,0,4,0,0,8192,8,0,3,1048576,34112,91056,0,1
608,332,28,41912,0,4,0,0,8192,11,0,3,1048576,34144,1496,0,1
609,332,28,30484,0,4,0,0,8192,48,0,3,1048576,34144,2296,0,1
610,34404,0,0,0,5,0,0,401408,9,0,6,1048576,33088,1804,0,1
611,34404,0,0,0,4,0,0,178604,2,25,9,2097152,320,0,0,1
612,332,28,451888,0,5,0,0,450560,9,0,5,1048576,33088,29037,0,1
613,34404,56,28720,10,10,0,0,20480,12,10,7,524288,49504,5816,0,1
614,34404,0,0,0,4,0,0,58096,2,25,10,2097152,0,1504,0,1
615,34404,56,45152,10,10,0,0,32768,12,10,6,524288,49504,1064,0,1
616,34404,0,0,0,4,0,0,62400,2,25,10,2097152,0,23904,0,1
617,34404,56,43888,10,10,0,0,32768,12,10,6,524288,49504,3040,0,1
618,34404,0,0,0,4,0,0,638036,2,25,9,2097152,0,0,0,1
619,332,28,19876,0,4,0,0,8192,11,0,3,1048576,34144,1312,0,1
620,34404,56,291632,0,6,0,0,290816,12,0,5,1048576,33056,436,0,1
621,332,56,7344,10,10,0,0,40960,12,10,5,262144,49472,4864,0,1
622,332,0,0,1,4,0,0,0,2,25,5,2097152,0,0,0,1
623,332,0,0,1,4,0,0,61796,2,25,8,2097152,0,0,0,1
624,34404,56,26848,10,10,41216,173,24576,12,10,6,524288,49504,1792,0,1
625,332,56,7360,10,10,0,0,49152,12,10,5,262144,49472,2024,0,1
626,332,0,0,6,5,0,0,1108596,2,25,9,1048576,32768,167816,0,1
627,34404,28,45908,0,4,0,0,0,11,0,2,4194304,34144,12224,0,1
628,34404,0,0,0,4,36864,220,41736,2,25,11,2097152,0,0,0,1
629,34404,56,29520,10,10,0,0,24576,12,10,6,524288,49504,5728,0,1
630,332,0,0,1,4,0,0,37436,2,27,9,2097152,0,4984,0,1
631,332,28,131504,0,5,0,0,131072,10,0,4,1048576,33024,1384,0,1
632,34404,0,0,0,4,0,0,194292,2,25,9,2097152,0,0,0,1
633,34404,0,0,0,4,0,0,37592,2,25,9,2097152,0,0,0,1
634,332,84,23344,10,10,0,0,49152,14,20,5,262144,49472,1352,0,1
635,34404,28,5008,6,6,0,0,4096,10,0,5,524288,33088,354984,0,1
636,34404,28,3696692,0,5,3709767,82,3713624,14,0,11,1048576,49504,496624,0,1
637,332,56,151160,6,6,0,0,266240,11,0,5,1048576,33088,33872,0,1
638,34404,56,171360,0,6,0,0,147456,14,13,8,1048576,49504,3464,0,1
639,34404,56,104288,0,6,0,0,102400,12,0,6,1048576,33120,56944,0,1
640,34404,84,165680,10,10,0,0,148240,14,20,6,524288,49504,1032,0,1
641,332,84,54512,10,6,0,0,184320,14,10,5,1048576,49472,7288,0,1
642,332,112,186240,0,6,0,0,151552,14,29,5,1048576,49472,1472,0,1
643,332,112,181456,0,6,0,0,147456,14,29,5,1048576,49472,1656,0,1
644,34404,28,1683392,0,5,0,0,1679360,9,0,5,1048576,32768,1859372,1,1
645,332,0,0,6,6,802816,154,795364,2,25,10,1048576,33088,94540,0,1
646,332,0,0,6,6,802816,154,795364,2,25,10,1048576,33088,94540,0,1
647,34404,0,0,0,4,0,0,53780,2,35,18,2097152,0,1256,0,1
648,34404,56,47776,10,10,0,0,32768,12,10,8,524288,49632,1752,0,1
649,34404,0,0,0,5,0,0,53248,9,0,6,1048576,33088,112184,0,1
650,332,28,76528,0,5,80304,448,69632,14,0,6,1048576,33088,480,0,1
651,332,28,128736,0,5,170960,739,126976,10,0,5,1048576,33088,2640,0,1
652,34404,0,0,0,4,0,0,46292,2,27,11,2097152,0,4992,0,1
653,34404,0,0,0,4,0,0,152848,2,25,9,2097152,0,0,0,1
654,34404,56,38192,10,10,0,0,32768,12,10,6,524288,49504,2072,0,1
655,34404,0,0,0,4,0,0,42204,2,27,11,2097152,0,4984,0,1
656,34404,56,30048,10,10,0,0,24576,12,10,6,524288,49504,7432,0,1
657,34404,0,0,0,5,0,0,131072,9,0,6,1048576,33088,964,0,1
658,332,28,537804,0,4,0,0,8192,11,0,3,1048576,34144,1568,0,1
659,332,56,67176,0,5,0,0,4096,9,0,4,1048576,32832,195556,0,1
660,34404,0,0,0,4,0,0,33636,2,27,11,2097152,0,5032,0,1
661,34404,0,0,0,4,0,0,70488,2,25,9,2097152,0,0,0,1
662,34404,56,58480,10,10,0,0,45056,12,10,8,524288,49632,2304,0,1
663,332,0,0,1,4,0,0,0,2,25,5,2097152,0,0,0,1
664,34404,56,33984,10,10,0,0,28672,12,10,6,524288,49504,1056,0,1
665,34404,0,0,0,4,0,0,50644,2,27,11,2097152,0,5000,0,1
666,34404,0,0,0,4,0,0,37676,2,27,11,2097152,0,5040,0,1
667,34404,56,29776,10,10,0,0,24576,12,10,6,524288,49504,2416,0,1
668,332,0,0,1,4,0,0,0,2,25,5,2097152,0,0,0,1
669,34404,28,37856,0,5,0,0,36864,9,0,6,1048576,33088,149800,1,1
670,332,28,247080,0,4,0,0,8192,11,0,3,1048576,34144,26860,0,1
671,34404,0,0,0,4,0,0,214192,2,25,9,2097152,0,0,0,1
672,34404,0,0,0,4,0,0,38172,2,27,11,2097152,0,5000,0,1
673,34404,28,250944,0,5,0,0,249856,10,0,6,1048576,33088,1632,0,1
674,332,28,45600,0,5,0,0,45056,9,0,5,1048576,33088,120856,0,1
675,34404,28,49352,0,4,0,0,0,11,0,2,4194304,34144,1600,0,1
676,34404,56,13312,10,10,0,0,12288,12,10,7,524288,49504,53760,0,1
677,34404,0,0,0,4,0,0,46380,2,27,11,2097152,0,5016,0,1
678,34404,0,0,0,4,0,0,37672,2,27,11,2097152,0,5016,0,1
679,34404,0,0,0,4,0,0,51084,2,27,11,2097152,0,4984,0,1
680,34404,56,37792,10,10,0,0,33056,14,0,6,524288,49504,112816,0,1
681,34404,28,99248,0,5,0,0,98304,10,0,6,1048576,33088,976,0,1
682,34404,28,209408,0,6,0,0,172032,14,16,5,1048576,33120,0,0,1
683,34404,28,48028,0,4,0,0,0,11,0,2,4194304,34144,12192,0,1
684,34404,56,372064,10,6,0,0,368640,11,0,6,1048576,33120,1508,0,1
685,34404,28,196608,0,4,0,0,255164,2,30,9,2097152,32768,1256,0,1
686,34404,0,0,0,5,0,0,131072,9,0,5,1048576,32768,436,0,1
687,34404,0,0,0,5,0,0,131072,9,0,5,1048576,32768,436,0,1
688,332,56,237568,0,6,0,0,229528,14,0,7,1048576,33088,0,0,1
689,332,28,127356,0,4,0,0,8192,48,0,3,1048576,34112,46056,0,1
690,34404,56,268096,0,6,0,0,192512,14,13,7,1048576,49504,2640,0,1
691,332,84,23824,10,10,0,0,176128,14,20,6,262144,49472,2728,0,1
692,34404,84,117792,10,10,0,0,86016,14,20,6,524288,49504,30800,0,1
693,332,84,53360,10,10,0,0,184320,14,20,5,262144,49472,29784,0,1
694,34404,0,0,0,4,0,0,50492,2,27,11,2097152,0,5000,0,1
695,34404,0,0,0,4,0,0,42572,2,27,11,2097152,0,4288,0,1
696,34404,56,31984,10,10,0,0,28672,12,10,6,524288,49504,2024,0,1
697,332,0,0,1,4,0,0,0,2,25,5,2097152,0,0,0,1
698,34404,56,27712,10,10,0,0,24576,12,10,6,524288,49504,1056,0,1
699,34404,56,8624,10,10,0,0,8192,12,10,6,524288,49504,95568,0,1
700,332,56,242832,0,5,0,0,241664,12,0,4,1048576,33024,7608,0,1
701,34404,28,82808,0,4,0,0,0,8,0,2,4194304,34112,1936,0,1
702,34404,56,49056,17,6,0,0,45056,12,0,6,1048576,33120,135132,0,1
703,34404,0,0,0,4,0,0,70600,2,25,9,2097152,0,0,0,1
704,332,28,205488,0,5,0,0,204800,10,0,5,1048576,33088,2344,0,1
705,34404,0,0,0,4,0,0,41864,2,25,9,2097152,0,0,0,1
706,34404,56,37184,10,10,0,0,28672,12,10,7,524288,49632,3280,0,1
707,332,0,0,0,1,90112,248,0,2,25,8,1048576,0,41472,0,1
708,34404,28,5040,6,6,0,0,4096,10,10,5,1048576,33088,1708,0,1
709,332,28,46912,0,4,0,0,8192,11,0,3,1048576,34144,1784,0,1
710,34404,28,5808,6,6,144608,112,4096,10,10,5,1048576,33088,8128,0,1
711,332,28,4480,10,5,0,0,365464,10,0,5,1048576,33088,1536,0,1
712,332,84,17088,0,6,25824,148,16384,11,0,5,8388608,33088,3936,0,1
713,34404,28,238992,0,5,0,0,237568,9,0,5,1048576,32768,3720,0,1
714,332,0,0,1,4,0,0,0,2,25,5,2097152,0,0,0,1
715,332,0,0,1,4,0,0,0,2,25,5,2097152,0,0,0,1
716,34404,0,0,0,4,0,0,164660,2,25,9,12582912,0,0,0,1
717,34404,0,0,0,4,0,0,50472,2,27,11,2097152,0,5008,0,1
718,34404,0,0,0,4,0,0,157680,2,25,9,2097152,0,0,0,1
719,332,28,71560,0,4,0,0,8192,8,0,3,1048576,1024,2872,0,1
720,34404,0,0,0,4,0,0,127964,2,25,9,2097152,0,0,0,1
721,34404,0,0,0,4,0,0,54312,2,27,11,2097152,0,5000,0,1
722,34404,0,0,0,4,0,0,37636,2,27,11,2097152,0,5016,0,1
723,34404,56,36272,10,10,40160,149,32768,12,10,6,524288,49504,1080,0,1
724,332,28,19532,0,4,0,0,8192,11,0,3,1048576,34144,1608,0,1
725,34404,56,33664,10,10,0,0,28672,12,10,6,524288,49504,1800,0,1
726,332,28,4752,6,6,40912,172,4096,10,10,4,262144,33088,2476,0,1
727,34404,56,41264,0,6,47664,92,36864,14,13,7,1048576,49504,148072,0,1
728,332,28,43000,0,4,0,0,8192,11,0,3,1048576,34144,1656,0,1
729,332,84,139596,0,6,0,0,323584,14,10,6,1048576,33088,0,0,1
730,332,28,14392,0,4,0,0,8192,11,0,3,1048576,34112,2120,0,1
731,34404,28,5568,6,6,68704,172,4096,10,10,5,1048576,33088,1700,0,1
732,332,28,29432,0,4,0,0,8192,11,0,3,1048576,34112,1768,0,1
733,332,56,10688,10,10,0,0,40960,12,10,7,262144,49600,4112,0,1
734,332,28,287452,0,4,0,0,8192,8,0,3,1048576,34112,11472,0,1
735,332,28,35060,0,4,0,0,8192,8,0,3,1048576,34112,1688,0,1
736,332,0,0,1,4,0,0,0,2,25,5,2097152,0,0,0,1
737,34404,84,252352,10,10,0,0,204112,14,20,6,524288,49504,5000,0,1
738,34404,56,30240,10,10,0,0,24576,12,10,6,524288,49504,1288,0,1
739,34404,56,37216,10,10,0,0,32768,12,10,6,524288,49504,2504,0,1
740,34404,0,0,0,4,0,0,46356,2,27,11,2097152,0,5000,0,1
741,34404,56,58032,10,10,0,0,53248,12,10,7,524288,49632,2144,0,1
742,332,56,4160,10,6,0,0,41548,11,0,5,1048576,33088,1492,0,1
743,34404,0,0,0,4,0,0,42172,2,27,11,2097152,0,5016,0,1
744,34404,28,46880,0,4,0,0,0,8,0,2,4194304,1344,1528,0,1
745,332,56,15296,0,6,0,0,12288,14,10,6,1048576,33088,15916,0,1
746,332,28,53776,0,4,0,0,8192,11,0,3,1048576,34144,1672,0,1
747,332,56,10128,10,10,0,0,73728,12,10,6,262144,49472,2120,0,1
748,34404,0,0,0,4,0,0,333168,2,25,9,12582912,0,0,0,1
749,332,56,7408,10,10,0,0,40960,12,10,5,262144,49472,1328,0,1
750,34404,84,302272,0,5,328976,188,229376,14,0,7,1048576,33120,128296,1,1
751,34404,0,0,0,4,0,0,62200,2,25,9,2097152,0,0,0,1
752,34404,0,0,0,4,0,0,66932,2,27,11,2097152,0,4992,0,1
753,34404,0,0,0,4,32768,220,37604,2,25,11,2097152,0,0,0,1
754,332,28,271328,0,5,0,0,270336,10,0,5,1048576,33088,424,0,1
755,34404,0,0,0,4,0,0,50176,2,25,9,2097152,0,0,0,1
756,34404,56,36784,10,10,0,0,32768,12,10,7,524288,49504,28112,0,1
757,332,28,15748,0,4,0,0,8192,11,0,3,1048576,34144,1640,0,1
758,332,28,25364,0,4,0,0,8192,11,0,3,1048576,34144,1632,0,1
759,34404,56,103584,0,6,0,0,102400,12,0,5,1048576,33056,480,0,1
760,34404,0,0,0,4,0,0,75708,2,27,11,2097152,0,5016,0,1
761,34404,56,53008,10,10,0,0,49152,12,10,8,524288,49632,2312,0,1
762,332,0,0,1,4,0,0,0,2,25,5,2097152,0,0,0,1
763,332,28,434580,0,4,0,0,8192,11,0,3,1048576,34112,19832,0,1
764,34404,56,44816,10,10,0,0,40960,12,10,7,524288,49504,2472,0,1
765,34404,0,0,0,4,0,0,75696,2,27,11,2097152,0,5016,0,1
766,34404,0,0,0,5,0,0,602112,9,0,6,1048576,33088,964,0,1
767,332,0,0,1,4,0,0,0,2,25,5,2097152,0,0,0,1
768,332,56,33024,0,6,0,0,28672,14,10,7,1048576,33088,168468,0,1
769,34404,0,0,0,4,0,0,64184,2,27,11,2097152,0,4984,0,1
770,332,84,54784,10,6,0,0,212992,14,10,5,1048576,49472,1940,0,1
771,332,84,31536,10,10,0,0,225280,14,20,5,262144,49472,1072,0,1
772,332,28,167640,0,4,0,0,8192,48,0,3,1048576,34144,60044,0,1
773,332,28,116480,0,4,0,0,8192,48,0,3,1048576,34144,60136,0,1
774,34404,84,150864,0,5,0,0,86016,14,20,6,1048576,33120,0,0,1
775,332,84,182144,0,5,0,0,122880,14,20,5,1048576,33088,12936,0,1
776,34404,28,151552,0,4,0,0,178384,2,36,10,2097152,32768,1256,0,1
777,34404,28,172032,0,4,0,0,198496,2,36,10,2097152,32768,1256,0,1
778,34404,28,155648,0,4,0,0,181948,2,36,10,2097152,32768,1256,0,1
779,34404,28,204800,0,4,0,0,231104,2,36,10,2097152,32768,1256,0,1
780,34404,56,4174224,0,6,0,0,3854336,14,13,9,1048576,49504,157756,0,1
781,34404,84,163424,0,6,0,0,118784,14,28,6,1048576,49504,18672,0,1
782,332,0,0,1,4,0,0,0,2,27,5,12582912,0,0,0,1
783,34404,84,163424,0,6,0,0,118784,14,28,6,1048576,49504,18672,0,1
784,332,84,5040,10,10,0,0,16384,14,20,5,262144,49472,208016,0,1
785,332,84,82944,10,6,0,0,3526656,14,10,6,4194304,49472,1892,0,1
786,332,84,187612,0,6,0,0,139264,14,29,4,1048576,49472,0,0,1
787,34404,84,189952,10,10,0,0,131072,14,20,7,524288,49504,35072,0,1
788,34404,56,3700752,0,6,0,0,2904064,14,13,7,1048576,49504,84240,0,1
789,332,28,127356,0,4,0,0,8192,48,0,3,1048576,34112,81368,0,1
790,332,84,9376,10,10,0,0,36864,14,20,5,262144,49472,1032,0,1
791,34404,28,212336,0,6,0,0,214544,14,0,8,8388608,49504,1984,0,1
792,34404,84,117376,10,10,0,0,106904,14,20,7,524288,49504,90368,0,1
793,332,56,206664,0,4,0,0,8192,48,0,3,1048576,34144,2312,0,1
794,332,84,30132,0,5,0,0,114688,14,26,5,1048576,33088,94480,0,1
795,34404,84,183804,0,5,0,0,98304,14,26,7,1048576,33120,1240,0,1
796,34404,84,3556740,0,6,0,0,2752512,14,28,6,1048576,49504,1832,0,1
797,34404,0,0,0,4,0,0,16384,8,0,5,1048576,32768,293944,0,1
798,332,84,307548,0,4,0,0,8192,48,0,3,1048576,34144,13292,0,1
799,332,56,203036,0,4,0,0,8192,48,0,3,1048576,34144,12220,0,1
800,34404,56,42544,0,6,0,0,36864,14,13,8,1048576,49504,168012,0,1
801,34404,56,134400,10,6,0,0,90112,14,29,6,4194304,33120,1788,0,1
802,332,84,639040,10,6,3182816,197,3346432,14,28,5,1048576,33088,317008,0,1
803,34404,84,175136,10,10,0,0,157672,14,20,7,524288,49504,3032,0,1
804,332,0,0,6,4,0,0,32768,6,0,5,1048576,34112,156128,0,1
805,34404,84,164432,10,10,0,0,110592,14,20,6,2097152,49504,38552,0,1
806,34404,56,57408,0,6,0,0,49152,14,13,8,1048576,49504,100316,0,1
807,34404,56,183952,0,6,0,0,155648,14,13,6,1048576,49504,0,0,1
808,34404,112,35316,2110,6,0,0,32768,14,27,6,1048576,49504,125792,0,1
809,332,84,13200,10,10,0,0,86016,14,20,6,262144,49600,2288,0,1
810,34404,84,109328,10,10,0,0,94968,14,20,6,524288,49504,108960,0,1
811,34404,56,23824,0,6,0,0,20480,14,13,7,1048576,49504,171784,0,1
812,332,84,101216,10,10,0,0,442368,14,20,5,262144,49472,46888,0,1
813,34404,84,171904,10,10,0,0,156392,14,20,6,524288,49504,2136,0,1
814,332,84,3853952,0,6,0,0,1798144,14,28,5,1048576,33088,480432,0,1
815,34404,84,189120,10,10,0,0,172416,14,20,6,524288,49504,5712,0,1
816,34404,84,102272,10,10,0,0,91776,14,20,6,524288,49504,71352,0,1
817,34404,84,4131616,0,6,0,0,3198976,14,16,5,1048576,33120,0,0,1
818,332,84,13120,10,10,0,0,131072,14,20,5,262144,49472,1896,0,1
819,34404,112,273536,0,6,0,0,225280,14,0,6,1048576,49504,2216,0,1
820,332,84,19616,10,10,0,0,131072,14,20,6,262144,49472,87288,0,1
821,332,84,24128,10,10,0,0,237568,14,20,6,262144,49472,86704,0,1
822,34404,28,159744,0,4,0,0,189584,2,30,9,2097152,32768,1256,0,1
823,34404,84,3960120,0,6,0,0,3297280,14,29,7,1048576,33120,1584,0,1
824,34404,84,3108528,10,10,3484000,1524,2877648,14,20,7,524288,49504,7208,0,1
825,332,28,4784,8,5,0,0,4096,8,0,4,1048576,33088,1624,0,1
826,34404,84,222896,10,10,0,0,194296,14,20,7,524288,49504,1992,0,1
827,34404,84,4277904,21315,10,0,0,3935472,14,20,10,524288,49632,11232,0,1
828,332,84,6928,10,10,0,0,36864,14,20,6,262144,50496,2072,0,1
829,332,28,187424,0,4,0,0,8192,48,0,3,1048576,34144,2380,0,1
830,332,0,0,1,4,0,0,258464,2,23,7,2097152,0,0,0,1
831,34404,84,141056,0,6,0,0,102400,14,16,6,1572864,49504,1700,0,1
832,332,28,177112,0,4,0,0,8192,48,0,3,1048576,34144,2368,0,1
833,34404,56,23664,0,6,0,0,20480,14,13,7,1048576,49504,171696,0,1
834,34404,84,120800,10,10,0,0,110592,14,20,7,524288,49504,50192,0,1
835,332,84,47440,10,10,0,0,212992,14,20,5,262144,49472,288,0,1
836,34404,84,278432,10,10,0,0,229376,14,20,6,524288,49504,1720,0,1
837,34404,28,167936,0,4,0,0,185536,2,36,10,2097152,32768,1256,0,1
838,34404,84,164528,10,10,0,0,126008,14,20,6,524288,49504,1344,0,1
839,332,84,176960,10,10,0,0,138124,14,20,5,262144,33088,2248,0,1
840,332,84,278544,0,6,0,0,217088,14,0,7,1048576,33088,480,0,1
841,332,84,3924924,0,6,0,0,3710976,14,30,5,1048576,49472,436,0,1
842,332,28,8736,5,5,0,0,8192,7,10,3,262144,32768,6068,0,1
843,34404,84,119584,10,10,0,0,94104,14,20,7,524288,49504,39312,0,1
844,34404,84,297360,10,10,0,0,139976,14,20,6,524288,49504,1000,0,1
845,34404,56,114080,0,6,0,0,81920,14,13,7,1048576,49504,173208,0,1
846,332,84,3509200,0,6,0,0,2711552,14,28,5,1048576,49472,1832,0,1
847,332,84,129716,0,6,151232,880,118784,14,28,5,1048576,49472,2800,0,1
848,332,28,152256,0,4,0,0,151552,7,10,4,1048576,0,5312,0,1
849,332,28,152304,0,4,0,0,151552,7,10,4,1048576,0,5312,0,1
850,332,112,135140,0,6,0,0,147456,14,30,6,1048576,33088,48800,0,1
851,332,84,211792,16,6,0,0,155648,14,20,5,1048576,49472,2984,0,1
852,332,56,207220,0,4,0,0,8192,48,0,3,1048576,34144,2528,0,1
853,332,84,116624,0,6,0,0,90112,14,16,5,1572864,49472,162376,0,1
854,332,84,34320,10,6,0,0,303104,14,24,5,1048576,33088,1808,0,1
855,332,112,40200,10,6,0,0,192512,14,28,7,1048576,33088,1832,0,1
856,34404,112,173428,0,6,0,0,151552,14,28,6,1048576,49504,2824,0,1
857,332,84,197912,0,4,0,0,8192,48,0,3,1048576,34144,2424,0,1
858,34404,84,2676632,0,6,0,0,2154496,14,27,6,1048576,33120,1432,0,1
859,332,84,32136,10,6,116848,179,126976,14,28,5,1048576,33088,49112,0,1
860,34404,84,129296,10,10,0,0,118024,14,20,6,1048576,49504,64688,0,1
861,332,84,19568,10,10,0,0,118784,14,20,7,262144,49600,80424,0,1
862,34404,84,161712,1909,6,0,0,126976,14,22,7,1048576,49504,2736,0,1
863,332,28,4704,8,5,0,0,4096,8,0,4,1048576,33088,1568,0,1
864,34404,84,202528,10,10,0,0,160448,14,20,7,524288,49504,4368,0,1
865,34404,28,161248,0,5,0,0,159744,9,0,5,1048576,32768,5104,0,1
866,332,28,152304,0,5,0,0,151552,9,0,4,1048576,32768,5104,0,1
867,34404,84,256048,0,6,0,0,184320,14,0,8,1048576,33120,480,0,1
868,332,84,32496,10,10,0,0,339968,14,20,6,262144,49472,73000,0,1
869,34404,28,234404,0,4,0,0,0,8,0,2,4194304,34144,1608,0,1
870,34404,84,262656,10,10,0,0,206744,14,20,6,524288,49504,1520,0,1
871,332,84,93208,0,6,0,0,81920,14,29,5,1048576,49472,84904,0,1
872,332,0,0,0,4,0,0,208896,6,0,4,1048576,0,800,0,1
873,332,112,47064,0,6,0,0,36864,14,29,5,1048576,49472,133144,0,1
874,332,112,150864,0,5,0,0,122880,14,29,5,1048576,49472,134648,0,1
875,34404,56,152576,0,6,0,0,151552,12,0,6,1048576,33120,480,0,1
876,332,0,0,6,4,0,0,0,2,31,7,2097152,34112,15912,0,0
877,332,0,0,0,5,0,0,102400,14,0,5,1048576,64,0,0,0
878,34404,0,0,0,6,0,0,36864,14,12,6,1048576,32864,0,0,0
879,332,0,0,6,5,0,0,36864,10,0,6,1048576,34112,16632,0,0
880,332,0,0,0,4,0,0,0,2,25,8,1048576,0,230020,0,0
881,332,28,176768,0,5,0,0,176128,9,0,5,1048576,32768,32264,0,0
882,332,28,14344,0,4,0,0,8192,8,0,3,1048576,34112,86672,0,0
883,332,28,5072,0,5,0,0,4096,9,0,4,1048576,33024,35664,0,0
884,332,0,0,0,5,66896,85,40960,12,0,6,1048576,1344,480,0,0
885,332,0,0,0,5,0,0,512000,9,0,7,1048576,33024,17136,0,0
886,332,28,176720,0,5,0,0,176128,9,0,4,1048576,32768,255372,0,0
887,332,56,438912,0,5,0,0,368640,14,0,7,1048576,33088,480,0,0
888,332,28,111040,0,5,0,0,110592,9,0,4,1048576,32768,87210,1,0
889,34404,84,34072,0,6,0,0,36864,14,0,8,1048576,33120,168468,1,0
890,332,0,0,0,5,0,4369,65536,10,0,4,1048576,0,488524,0,0
891,332,56,91712,0,5,0,0,69632,14,0,6,1048576,33024,139852,0,0
892,332,0,0,0,5,0,0,143360,10,0,5,1048576,33088,111736,0,0
893,332,84,33008,0,5,0,0,413696,14,0,7,1048576,33024,78664,0,0
894,332,0,0,6,4,0,0,0,2,31,7,2097152,34112,15912,0,0
895,332,28,4656,0,5,0,0,4096,9,0,4,1048576,32768,15248,0,0
896,34404,0,0,0,4,0,0,423132,2,34,10,2097152,352,0,0,0
897,332,0,0,0,5,66784,85,40960,12,0,6,1048576,1344,480,0,0
898,332,0,0,0,5,66784,85,40960,12,0,6,1048576,1344,480,0,0
899,332,0,0,0,5,0,0,507904,10,0,5,1048576,33088,436,0,0
900,332,112,68016,0,5,0,0,49152,14,0,6,1048576,33088,480,0,0
901,332,56,155696,0,5,163088,99,32768,12,1,5,1048576,320,928,0,0
902,332,0,0,6,4,0,0,0,2,31,7,2097152,34112,15912,0,0
903,332,0,0,0,5,0,0,102400,14,0,5,1048576,64,0,0,0
904,332,0,0,0,5,0,0,110592,12,0,7,1048576,33024,48864,0,0
905,332,0,0,0,4,0,0,0,2,25,8,1048576,0,1719416,0,0
906,34404,28,211168,0,5,0,0,151552,14,28,7,1048576,33120,45232,0,0
907,332,0,0,0,4,0,0,8192,8,0,3,1048576,34112,3176,0,0
908,332,0,0,0,5,0,0,102400,14,0,5,1048576,64,0,0,0
909,332,0,0,1,4,0,0,266800,2,30,8,2097152,320,0,0,0
910,332,0,0,0,5,0,0,102400,14,0,5,1048576,32832,0,0,0
911,332,0,0,0,4,0,0,8192,11,0,3,1048576,34144,1494,0,0
912,332,0,0,0,5,0,0,102400,14,0,5,1048576,64,0,0,0
913,332,0,0,0,5,0,0,77824,12,0,6,1048576,33024,73840,0,0
914,332,28,639520,0,5,0,0,638976,9,0,4,1048576,32768,43840,0,0
915,332,0,0,0,5,0,0,0,12,0,6,1048576,34112,480,0,0
916,332,0,0,0,4,0,0,8192,11,0,3,1048576,34144,11880,0,0
917,332,28,684560,0,5,706768,79,684032,9,0,4,1048576,33024,119584,0,0
918,332,28,176304,0,5,0,0,135168,14,0,6,1048576,33088,61672,0,0
919,332,0,0,0,5,0,0,102400,14,0,5,1048576,64,0,0,0
920,332,56,21944,0,4,0,0,8192,48,0,3,1048576,34144,1452,0,0
921,332,0,0,0,5,0,0,8192,11,0,5,1048576,33088,234184,0,0
922,332,0,0,0,5,0,0,102400,14,0,5,1048576,32832,0,0,0
923,332,56,305388,0,4,0,0,8192,48,0,3,1048576,34144,888,0,0
924,332,0,0,0,5,0,0,49152,10,0,4,1048576,33088,0,0,0
925,332,0,0,1,4,1507328,90,1512628,2,25,11,2097152,0,8392,0,0
926,332,0,0,0,5,0,0,8192,11,0,5,1048576,32768,245192,0,0
927,332,0,0,0,5,66784,85,0,12,0,6,1048576,1344,480,0,0
928,332,56,67108,0,4,0,0,8192,48,0,3,1048576,34144,1500,0,0
929,332,28,4608,0,5,0,0,4096,10,0,4,1048576,32768,11904,0,0
930,332,28,5008,0,5,0,0,4096,10,0,4,2097152,33024,16224,0,0
931,34404,0,0,0,4,0,0,419072,2,34,10,2097152,352,0,0,0
932,332,28,872704,0,5,0,0,212992,14,16,5,1048576,33088,488,0,0
933,332,0,0,6,4,0,0,28672,6,0,5,1048576,34112,27416,0,0
934,332,84,68128,0,5,70416,136,1314816,83,82,11,1048576,33024,372669,0,0
935,332,0,0,6,4,0,0,32768,6,0,6,1048576,34112,16656,0,0
936,332,28,524576,0,5,0,0,0,9,0,3,1048576,33088,1442,0,0
937,332,112,1018912,0,5,0,0,835584,14,0,7,1048576,33088,480,0,0
938,332,0,0,0,5,0,0,49152,14,0,5,1048576,32832,0,0,0
939,332,0,0,0,5,0,0,0,12,0,6,1048576,34112,480,0,0
940,332,0,0,0,5,0,0,8192,11,0,6,1048576,32768,234672,0,0
941,332,0,0,0,5,0,0,53248,14,0,5,1048576,32832,0,0,0
942,332,28,176768,0,5,0,0,176128,9,0,5,1048576,32768,25632,0,0
943,332,0,0,0,4,200448,84,159744,7,10,4,1048576,0,84928,0,0
944,332,0,0,0,5,0,0,49152,14,0,5,1048576,64,0,0,0
945,332,56,172544,0,5,0,0,172032,12,0,8,1048576,33024,11984,0,0
946,332,0,0,0,4,0,0,0,2,25,8,1048576,0,41788,0,0
947,332,28,4672,0,5,0,0,4096,10,0,4,1048576,32768,16008,0,0
948,34404,0,0,0,4,0,0,414940,2,34,10,2097152,352,0,0,0
949,332,0,0,0,4,0,0,0,2,25,8,1048576,0,26112,0,0
950,332,28,33168,0,5,0,0,32768,9,0,7,1048576,33024,148744,0,0
951,332,0,0,0,5,0,0,352256,9,0,5,1048576,32768,206064,0,0
952,332,28,4592,0,5,0,0,4096,10,0,4,1048576,33024,15208,0,0
953,332,0,0,0,4,0,0,495616,5,12,3,1048576,0,0,0,0
954,34404,0,0,0,4,0,0,439644,2,34,10,2097152,352,0,0,0
955,332,0,0,1,4,0,0,0,3,4,2,16777216,0,16,0,0
956,332,56,910330,0,4,0,0,8192,48,0,3,1048576,34144,1108,0,0
957,332,0,0,0,4,0,0,40960,6,0,4,1048576,0,3515476,1,0
958,332,0,0,0,4,0,0,446464,5,12,3,1048576,0,0,0,0
959,332,0,0,0,5,0,4369,65536,10,0,4,1048576,0,488524,0,0
960,332,56,15536,0,4,0,0,8192,48,0,3,1048576,34144,4208,0,0
961,332,28,139856,0,5,0,0,139264,9,0,5,1048576,33024,22272,0,0
962,332,0,0,0,4,0,0,0,2,25,8,1048576,0,5120,0,0
963,332,0,0,1,5,0,0,24576,12,0,4,1048576,33024,0,0,0
964,332,0,0,0,5,0,0,102400,14,0,5,1048576,32832,0,0,0
965,332,0,0,0,5,0,0,49152,14,0,5,1048576,64,0,0,0
966,332,0,0,0,5,0,0,102400,14,0,5,1048576,64,0,0,0
967,332,56,68304,0,4,0,0,8192,48,0,3,1048576,34144,1500,0,0
968,332,0,0,0,5,0,0,102400,14,0,5,1048576,64,0,0,0
969,332,0,0,0,5,0,0,102400,14,0,5,1048576,64,0,0,0
970,332,0,0,0,5,0,0,118784,12,0,5,1048576,33024,35540,0,0
971,332,0,0,0,4,0,0,8192,80,0,3,1048576,34144,1942,0,0
972,332,0,0,0,5,0,0,102400,14,0,5,1048576,64,0,0,0
973,332,0,0,0,5,0,0,102400,14,0,5,1048576,32832,0,0,0
974,34404,56,197760,0,6,205696,124,167936,14,16,6,1048576,352,480,0,0
975,332,0,0,0,4,0,0,8192,8,0,3,1048576,34112,1512,0,0
976,332,0,0,0,5,0,0,49152,12,0,5,1048576,33088,480,0,0
977,332,28,5008,0,5,0,0,4096,10,0,4,1048576,33024,36832,0,0
978,332,0,0,0,4,0,0,8192,11,0,3,1048576,34144,888,0,0
979,332,0,0,0,5,0,0,0,14,0,5,1048576,32768,0,0,0
980,332,56,68304,0,4,0,0,8192,48,0,3,1048576,34144,1500,0,0
981,332,28,659920,0,5,0,0,659456,10,0,5,1048576,33024,37824,0,0
982,332,56,76272,0,5,0,0,61440,14,0,5,1048576,32832,0,0,0
983,332,0,0,0,5,0,0,0,14,0,5,1048576,32832,0,0,0
984,332,0,0,0,4,0,0,8192,48,0,3,1048576,34112,1522,0,0
985,332,0,0,0,5,0,0,102400,14,0,5,1048576,64,0,0,0
986,332,28,4864,0,5,0,0,4096,9,0,3,1048576,32768,35096,0,0
987,332,0,0,0,5,66784,85,0,12,0,5,1048576,1344,476,0,0
988,332,56,68292,0,4,0,0,8192,48,0,3,1048576,34144,1500,0,0
989,332,56,68280,0,4,0,0,8192,48,0,3,1048576,34144,1500,0,0
990,332,28,111040,0,5,0,0,110592,9,0,4,1048576,32768,358168,0,0
991,332,0,0,0,5,0,0,0,12,0,6,1048576,34112,480,0,0
992,332,0,0,0,5,0,0,94208,10,0,5,1048576,33024,160556,0,0
993,332,84,240320,0,5,247856,52,208896,14,0,6,1048576,49472,54384,0,0
994,332,0,0,0,5,0,0,77824,9,0,5,1048576,33024,29608,0,0
995,332,0,0,0,5,0,0,8192,11,0,6,1048576,32768,234672,0,0
996,332,56,32764,0,4,0,0,8192,48,0,3,1048576,34144,4348,0,0
997,332,0,0,0,4,0,0,8192,8,0,3,1048576,34112,166504,0,0
998,332,0,0,0,4,0,0,0,2,25,8,1048576,0,58368,0,0
999,34404,56,197760,0,6,205696,124,167936,14,16,6,1048576,352,480,0,0
1000,332,0,0,0,5,0,0,4337864,14,16,3,1048576,33024,472,0,0
1001,332,0,0,0,4,0,0,8192,8,0,3,1048576,34112,1702,0,0
1002,34404,0,0,1,6,0,0,2043936,3,0,6,2097152,33120,0,0,0
1003,332,0,0,0,5,0,0,40960,10,0,5,1048576,33088,0,0,0
1004,34404,112,124576,0,6,0,0,90112,14,29,7,1048576,33120,480,0,0
1005,332,28,5040,0,5,0,0,4096,10,0,4,1048576,32768,15808,0,0
1006,332,28,106944,0,5,0,0,106496,10,0,4,1048576,33024,30072,0,0
1007,332,0,0,0,5,87536,56,73728,10,0,6,1048576,33088,55732,0,0
1008,332,56,11440,0,4,0,0,8192,48,0,3,1048576,34144,1532,0,0
1009,332,0,0,0,5,0,0,49152,14,0,5,1048576,32832,0,0,0
1010,332,0,0,0,5,66784,85,40960,12,0,6,1048576,1344,480,0,0
1011,332,0,0,6,4,0,0,0,2,31,7,2097152,34112,15912,0,0
1012,332,112,68192,0,6,0,0,49152,14,10,5,1048576,33088,488,0,0
1013,332,28,45456,0,5,0,0,45056,9,0,7,1048576,32768,126592,0,0
1014,332,0,0,1,4,1314816,68,0,2,56,8,2097152,0,27744,0,0
1015,332,0,0,0,5,0,0,0,14,0,5,1048576,32832,0,0,0
1016,34404,56,90976,0,6,0,0,90112,12,0,6,1048576,33120,1728,0,0
1017,332,0,0,0,5,0,0,102400,14,0,5,1048576,64,0,0,0
1018,332,0,0,0,5,0,0,0,14,0,5,1048576,32832,0,0,0
1019,332,28,77800,0,4,0,0,8192,48,0,3,1048576,34144,1452,0,0
1020,332,28,73856,0,5,0,0,73728,14,12,5,1048576,33088,0,0,0
1021,332,112,3830240,0,5,0,0,3211264,14,16,5,1048576,33088,14286752,0,0
1022,332,0,0,0,4,2146304,1076,0,5,0,9,1048576,0,7383552,0,0
1023,332,0,0,0,5,0,0,1024000,14,16,3,1048576,33024,0,0,0
1024,34404,112,40252,0,5,0,0,28672,14,29,6,1048576,33120,1056,0,0
1025,332,0,0,0,5,66784,85,40960,12,0,6,1048576,1344,480,0,0
1026,332,0,0,0,5,0,0,77824,10,0,5,1048576,33088,33456,0,0
1027,332,0,0,0,4,0,0,8192,8,0,3,1048576,34112,1232,0,0
1028,332,0,0,0,5,0,0,1024000,14,16,3,1048576,33024,0,0,0
1029,34404,56,197760,0,6,205696,124,167936,14,16,6,1048576,352,480,0,0
1030,332,0,0,0,5,66784,85,0,12,0,6,1048576,1344,480,0,0
1031,332,0,0,0,4,0,0,0,6,0,4,1048576,0,436,0,0
1032,332,0,0,0,4,364876,865,368664,1,1,5,1048576,0,11137,0,0
1033,332,56,32808,0,4,0,0,8192,48,0,3,1048576,34144,4348,0,0
1034,332,56,1360904,0,4,0,0,8192,48,0,3,1048576,34144,5176,0,0
1035,332,56,68296,0,4,0,0,8192,48,0,3,1048576,34144,1500,0,0
1036,332,0,0,1,4,0,0,1142784,83,82,10,2097152,0,26552,0,0
1037,332,0,0,0,4,0,0,16384,8,0,4,1048576,0,62528,0,0
1038,332,0,0,0,5,0,0,0,12,0,6,1048576,34112,480,0,0
1039,332,28,5072,0,5,0,0,4096,10,0,4,1048576,33024,16664,0,0
1040,332,28,639520,0,5,0,0,638976,9,0,4,1048576,32768,119080,0,0
1041,332,0,0,1,4,1310720,68,0,2,56,8,2097152,0,23444,0,0
1042,332,0,0,0,5,782128,92,147456,9,0,6,1048576,33024,53920,0,0
1043,332,0,0,6,4,0,0,28672,6,0,5,1048576,34112,2584,0,0
1044,332,0,0,0,4,0,0,0,2,25,8,1048576,0,1719416,0,0
1045,332,0,0,0,4,0,0,8192,8,0,3,1048576,34112,1224,0,0
1046,332,0,0,0,5,0,0,102400,14,0,5,1048576,32832,0,0,0
1047,332,0,0,0,5,0,0,49152,14,0,5,1048576,64,0,0,0
1048,332,0,0,0,4,0,0,40960,6,0,4,1048576,0,3515476,1,0
1049,332,0,0,0,4,0,0,8192,8,0,3,1048576,34112,1224,0,0
1050,332,56,21368,0,6,0,0,16384,14,28,3,1048576,34048,0,0,0
1051,332,0,0,0,5,0,0,102400,14,0,5,1048576,32832,0,0,0
1052,332,56,63344,0,5,0,0,49152,14,0,6,1048576,32768,1952,0,0
1053,332,28,635376,0,5,651392,84,634880,9,0,4,1048576,32768,43680,0,0
1054,332,0,0,0,5,123744,97,106496,9,0,10,1048576,33024,18776,0,0
1055,332,56,68316,0,4,0,0,8192,48,0,3,1048576,34144,1500,0,0
1056,332,0,0,0,5,4399664,119,4386816,9,0,6,1048576,33024,38120,0,0
1057,332,112,335472,0,5,0,0,274432,14,16,5,1048576,33088,480,0,0
1058,332,56,18708,0,4,0,0,8192,48,0,3,1048576,34112,4336,0,0
1059,332,28,4864,0,5,0,0,4096,9,0,3,1048576,32768,35096,0,0
1060,332,0,0,1,4,0,0,418536,2,34,9,2097152,320,0,0,0
1061,34404,56,108640,0,6,0,0,90112,14,16,5,1048576,33120,0,0,0
1062,332,0,0,1,4,0,0,3003580,2,30,8,2097152,320,0,0,0
1063,332,0,0,6,4,0,0,32768,6,0,5,1048576,34112,582698,0,0
1064,332,0,0,0,4,0,0,0,2,25,8,1048576,0,1719416,0,0
1065,332,0,0,0,5,0,0,49152,14,0,5,1048576,32832,0,0,0
1066,332,0,0,0,5,0,0,102400,14,0,5,1048576,32832,0,0,0
1067,332,0,0,1,4,0,0,3011756,2,35,9,2097152,320,0,0,0
1068,332,56,172496,0,5,239024,73,172032,12,0,72,1048576,33024,15392,1,0
1069,332,0,0,1,4,0,0,3007676,2,30,8,2097152,320,0,0,0
1070,332,112,1768608,0,6,0,0,1331200,14,0,7,1048576,33088,480,0,0
1071,332,56,67108,0,4,0,0,8192,48,0,3,1048576,34144,1500,0,0
1072,332,0,0,0,5,0,0,4096,9,0,4,1048576,33024,34712,0,0
1073,332,56,2442864,0,6,0,0,1843200,14,28,4,1048576,33024,480,1,0
1074,332,0,0,0,5,0,0,8192,11,0,5,2097152,33024,244744,0,0
1075,332,0,0,0,5,0,0,102400,14,0,5,1048576,64,0,0,0
1076,332,28,647696,0,5,667536,108,647168,9,0,4,1048576,32768,77880,0,0
1077,332,0,0,0,5,0,0,53248,14,0,6,1048576,33088,480,0,0
1078,332,0,0,1,4,0,0,3089572,2,30,8,2097152,320,0,0,0
1079,332,84,224960,0,5,232624,52,196608,14,0,6,1048576,33088,57296,0,0
1080,332,0,0,1,4,0,0,0,2,24,9,2097152,0,0,0,0
1081,332,0,0,6,4,0,0,0,2,31,7,2097152,34112,15912,0,0
1082,332,56,68340,0,4,0,0,8192,48,0,3,1048576,34144,1500,0,0
1083,332,0,0,1,4,0,0,2290676,2,30,8,2097152,320,0,0,0
1084,332,28,189088,0,5,0,0,188416,10,0,5,1048576,33024,10168,0,0
1085,332,0,0,0,5,0,0,49152,14,0,5,1048576,32832,0,0,0
1086,332,0,0,1,4,0,0,3007676,2,30,8,2097152,320,0,0,0
1087,332,0,0,0,4,0,0,95344,2,50,5,1048576,0,137784,0,0
1088,332,0,0,0,5,3889440,76,3878912,10,0,7,1048576,33024,28464,0,0
1089,332,56,123680,0,5,0,0,98304,14,0,4,1048576,33024,0,0,0
1090,332,0,0,0,5,0,0,1024000,14,16,3,1048576,33024,0,0,0
1091,332,28,148128,0,5,193696,109,147456,10,0,4,1048576,33024,70520,0,0
1092,332,0,0,0,5,0,0,102400,14,0,5,1048576,64,0,0,0
1093,332,28,68348,0,4,0,0,8192,48,0,3,1048576,34144,1494,0,0
1094,332,28,176768,0,5,0,0,176128,9,0,5,1048576,33024,10560,0,0
1095,332,28,106976,0,5,0,0,106496,10,0,5,1048576,32768,15040,0,0
1096,332,28,106960,0,5,0,0,106496,10,0,4,1048576,33024,30984,0,0
1097,332,56,68276,0,4,0,0,8192,48,0,3,1048576,34144,1500,0,0
1098,332,56,68276,0,4,0,0,8192,48,0,3,1048576,34144,1500,0,0
1099,332,0,0,0,4,0,0,0,2,25,6,1048576,0,16,0,0
1100,332,28,4576,0,5,0,0,4096,10,0,4,1048576,33024,14608,0,0
1101,332,0,0,0,5,0,0,49152,14,0,5,1048576,32832,0,0,0
1102,332,56,438800,0,5,0,0,368640,14,0,7,1048576,33088,480,0,0
1103,332,56,68104,0,4,0,0,8192,48,0,3,1048576,34144,1500,0,0
1104,34404,112,593328,11,6,0,0,196608,14,28,7,1048576,33120,55208,0,0
1105,332,56,67132,0,4,0,0,8192,48,0,3,1048576,34144,1492,0,0
1106,332,28,4560,0,4,0,0,4096,8,0,4,1048576,0,9168,0,0
1107,34404,0,0,1,6,0,0,2994208,3,0,6,2097152,33120,0,0,0
1108,332,0,0,0,5,0,0,1024000,14,16,3,1048576,33024,0,0,0
1109,332,28,90704,0,5,0,0,90112,9,0,4,1048576,32768,26880,0,0
1110,332,0,0,1,4,0,0,53484,6,0,4,1048576,0,4824,0,0
1111,332,0,0,0,5,0,0,0,14,0,6,1048576,32832,0,0,0
1112,332,0,0,0,5,0,0,102400,14,0,5,1048576,32832,0,0,0
1113,332,0,0,0,5,0,0,532480,10,0,4,4194304,32768,41472,0,0
1114,332,0,0,0,4,0,0,8192,8,0,3,1048576,34112,108702,0,0
1115,332,56,137712,0,5,0,0,86016,14,16,5,1048576,33088,480,0,0
1116,332,0,0,55,4,0,0,4096,6,0,4,1048576,0,2256,0,0
1117,34404,56,108640,0,6,0,0,90112,14,16,5,1048576,33120,0,0,0
1118,332,0,0,0,5,123728,97,106496,9,0,10,1048576,33024,18776,0,0
1119,332,56,74064,0,6,94368,129,73728,12,0,5,1048576,320,664,1,0
1120,332,0,0,0,5,66896,85,40960,12,0,6,1048576,1344,480,0,0
1121,332,56,63216,0,5,0,0,49152,14,0,6,1048576,32768,1952,0,0
1122,332,28,189152,0,5,237040,94,188416,9,0,4,1048576,32768,72419,0,0
1123,332,0,0,0,5,0,0,229376,10,0,5,1048576,33088,1844,0,0
1124,332,56,620816,0,6,0,0,479232,14,16,5,1048576,33088,480,0,0
1125,332,28,655824,0,5,0,0,655360,10,0,6,1048576,32768,151776,0,0
1126,332,112,1163040,0,5,0,0,1011712,14,16,5,1048576,33088,480,0,0
1127,332,56,291808,0,5,0,0,290816,12,0,5,1048576,33088,480,0,0
1128,332,28,119344,0,5,0,0,118784,9,0,5,1048576,33024,10384,0,0
1129,332,56,68352,0,4,0,0,8192,48,0,3,1048576,34144,1500,0,0
1130,34404,0,0,1,6,0,0,2994208,3,0,6,2097152,33120,0,0,0
1131,332,56,63216,0,5,0,0,49152,14,0,6,1048576,32768,1952,0,0
1132,332,0,0,0,5,0,0,102400,14,0,5,1048576,32832,0,0,0
1133,332,56,68296,0,4,0,0,8192,48,0,3,1048576,34144,1500,0,0
1134,34404,0,0,1,4,0,0,0,3,0,4,2097152,0,0,0,0
1135,332,56,20888,0,6,0,0,16384,14,28,3,1048576,34048,0,0,0
1136,332,0,0,6,4,0,0,0,2,31,7,2097152,34112,15912,0,0
1137,332,0,0,0,5,0,0,102400,14,0,5,1048576,32832,0,0,0
1138,332,0,0,0,4,0,0,8192,8,0,3,1048576,34112,2088,0,0
1139,332,0,0,1,6,0,0,1888288,3,0,6,1048576,33088,0,0,0
1140,332,56,2877296,0,6,0,0,2232320,14,28,4,1048576,33024,480,1,0
1141,332,0,0,0,5,0,0,102400,14,0,5,1048576,64,0,0,0
1142,332,0,0,0,5,1118208,150,1107012,2,25,11,1048576,0,11264,0,0
1143,332,0,0,0,5,0,0,102400,14,0,5,1048576,32832,0,0,0
1144,332,28,168656,0,5,0,0,167936,9,0,4,1048576,32768,37408,0,0
1145,34404,0,0,0,4,0,0,119284,2,34,17,2097152,0,0,0,0
1146,332,0,0,0,5,0,0,667648,10,0,8,1048576,32768,74736,0,0
1147,332,56,63296,0,5,0,0,49152,14,0,6,1048576,32768,1952,0,0
1148,332,0,0,0,5,0,0,1024000,14,16,3,1048576,33024,0,0,0
1149,332,28,5056,0,5,0,0,4096,10,0,4,1048576,33024,16576,0,0
1150,332,0,0,0,5,0,0,327680,9,0,4,1048576,32768,5560,0,0
1151,332,112,1047604,0,6,1111696,228,897024,14,27,6,1048576,49472,97224,0,0
1152,332,0,0,0,5,0,0,5079040,14,16,8,1048576,33088,305298,0,0
1153,332,0,0,0,5,0,0,49152,14,0,5,1048576,64,0,0,0
1154,332,56,150540,0,4,0,0,8192,48,0,3,1048576,34144,1420,0,0
1155,332,28,639424,0,5,0,0,638976,10,0,5,1048576,33024,91944,0,0
1156,332,56,7440,0,6,0,0,20480,14,24,4,1048576,33088,0,0,0
1157,332,84,323472,0,5,355280,56,270336,14,16,5,1048576,33088,16644,0,0
1158,332,0,0,0,5,0,0,49152,14,0,5,1048576,64,0,0,0
1159,332,28,11084656,0,4,0,0,8192,80,0,3,1048576,34144,30568,0,0
1160,332,0,0,0,4,0,0,8192,8,0,3,1048576,34112,665657,0,0
1161,332,56,68104,0,4,0,0,8192,48,0,3,1048576,34144,1500,0,0
1162,34404,0,0,0,4,0,0,419072,2,34,10,2097152,352,0,0,0
1163,332,0,0,0,4,0,0,0,6,0,4,1048576,0,1796,0,0
1164,34404,28,191680,0,5,0,0,139264,14,0,7,1048576,33120,62688,0,0
1165,332,0,0,0,4,0,0,8192,48,0,3,1048576,34112,1228,0,0
1166,332,0,0,0,5,0,0,102400,14,0,5,1048576,32832,0,0,0
1167,332,0,0,0,5,0,0,0,14,0,5,1048576,32768,0,0,0
1168,332,0,0,1,4,0,0,3077284,2,30,8,2097152,320,0,0,0
1169,332,28,4624,0,5,0,0,4096,9,0,4,1048576,33024,14952,0,0
1170,332,28,4976,0,5,0,0,4096,9,0,4,1048576,32768,23112,0,0
1171,332,0,0,1,4,0,0,3089572,2,30,8,2097152,320,0,0,0
1172,332,0,0,0,5,0,0,1024000,14,16,3,1048576,33024,0,0,0
1173,332,28,106944,0,5,0,0,106496,10,0,4,1048576,33024,30072,0,0
1174,332,0,0,0,4,0,0,0,2,25,8,1048576,0,33432,0,0
1175,332,84,302864,0,6,326848,200,249856,14,0,7,1048576,320,2296,0,0
1176,332,56,859850,0,4,0,0,8192,48,0,3,1048576,34144,2338,0,0
1177,332,56,164272,0,5,239984,76,163840,12,0,5,1048576,32768,15768,0,0
1178,332,56,24720,0,4,0,0,8192,48,0,3,1048576,34144,1452,0,0
1179,332,0,0,0,5,66896,85,40960,12,0,6,1048576,1344,480,0,0
1180,332,0,0,1,4,1310720,68,0,2,56,8,2097152,0,23444,0,0
1181,332,0,0,0,4,0,0,95344,2,50,5,1048576,0,504096,0,0
1182,332,0,0,0,5,0,0,0,14,0,5,1048576,32768,0,0,0
1183,332,0,0,0,4,0,0,0,2,25,8,1048576,0,58368,0,0
1184,332,56,12644,0,4,0,0,8192,48,0,3,1048576,34144,1436,0,0
1185,34404,0,0,0,6,54560,84,36864,14,12,6,1048576,96,0,0,0
1186,332,0,0,6,4,0,0,0,2,31,7,2097152,34112,15912,0,0
1187,332,56,40596,0,4,0,0,8192,48,0,3,1048576,34144,1452,0,0
1188,332,56,16284,0,4,0,0,8192,48,0,3,1048576,34144,29784,0,0
1189,332,0,0,0,4,0,0,1283160,2,25,9,1048576,320,0,0,0
1190,332,56,67100,0,4,0,0,8192,48,0,3,1048576,34144,1500,0,0
1191,332,0,0,0,5,0,0,364544,10,0,5,1048576,33088,9616,0,0
1192,332,56,468288,0,6,0,0,401408,14,28,4,1048576,33088,0,0,0
1193,332,0,0,0,4,0,0,0,2,25,8,1048576,0,58368,0,0
1194,332,28,4544,0,5,0,0,4096,9,0,3,1048576,33024,15136,0,0
1195,332,0,0,0,5,0,0,49152,14,0,5,1048576,32832,0,0,0
1196,332,28,659904,0,5,0,0,659456,10,0,5,1048576,33024,32080,0,0
1197,332,0,0,0,5,72732,170,0,10,0,8,1048576,32768,53744,0,0
1198,332,0,0,0,5,0,0,102400,14,0,5,1048576,32832,0,0,0
1199,332,56,68288,0,4,0,0,8192,48,0,3,1048576,34144,1500,0,0
1200,332,0,0,0,5,0,0,102400,14,0,5,1048576,32832,0,0,0
1201,332,84,190960,0,6,0,0,192512,14,0,7,1048576,33088,87652,0,0
1202,332,0,0,1,4,0,0,3003580,2,30,8,2097152,320,0,0,0
1203,332,84,666912,0,6,0,0,548864,14,28,5,16777216,49472,480,0,0
1204,332,0,0,0,5,66896,85,40960,12,0,6,1048576,1344,480,0,0
1205,332,0,0,0,5,66784,85,0,12,0,6,1048576,1344,480,0,0
1206,332,0,0,0,5,0,0,49152,14,0,5,1048576,32832,0,0,0
1207,332,112,434768,0,5,0,0,344064,14,16,5,1048576,33088,480,0,0
1208,332,0,0,1,4,0,0,3089572,2,30,8,2097152,320,0,0,0
1209,332,0,0,0,5,0,0,0,14,16,2,1048576,0,472,0,0
1210,332,0,0,0,4,0,0,8192,11,0,3,1048576,34112,21160,0,0
1211,332,56,66908,0,4,0,0,8192,48,0,3,1048576,34144,1500,0,0
1212,332,56,305384,0,4,0,0,8192,48,0,3,1048576,34144,888,0,0
1213,332,28,26548,0,4,0,0,8192,11,0,3,1048576,34144,2080,0,0
1214,332,0,0,0,5,0,0,49152,14,0,5,1048576,64,0,0,0
1215,34404,0,0,0,4,0,0,443748,2,34,10,2097152,352,0,0,0
1216,332,28,4592,0,5,0,0,4096,10,0,4,1048576,32768,12208,0,0
1217,332,0,0,0,5,0,0,49152,14,0,5,1048576,32832,0,0,0
1218,332,28,4688,0,5,0,0,4096,10,0,7,1048576,32768,28368,0,0
1219,332,56,7424,0,6,0,0,20480,14,24,5,1048576,33088,1441,0,0
1220,332,0,0,0,5,0,0,49152,14,0,5,1048576,64,0,0,0
1221,332,28,77264,0,6,0,0,0,14,0,4,1048576,34112,0,0,0
1222,332,28,111056,0,5,0,0,110592,9,0,4,1048576,32768,54244,0,0
1223,332,56,806496,0,6,0,0,729088,14,27,5,1048576,33088,480,0,0
1224,332,0,0,0,5,0,0,49152,14,0,5,1048576,32832,0,0,0
1225,332,56,7488,0,6,0,0,20480,14,24,4,1048576,33088,0,0,0
1226,332,28,668128,0,5,685040,115,667648,9,0,4,1048576,33024,91920,0,0
1227,332,0,0,0,5,0,4369,65536,10,0,4,1048576,0,488524,0,0
1228,332,0,0,1,4,0,0,3011756,2,35,9,2097152,320,0,0,0
1229,332,0,0,0,5,0,0,102400,14,0,5,1048576,64,0,0,0
1230,332,56,68276,0,4,0,0,8192,48,0,3,1048576,34144,1500,0,0
1231,332,28,73728,0,5,0,0,0,14,12,6,1048576,320,0,0,0
1232,332,0,0,0,4,39132,852,90112,1,1,5,1048576,0,152768,0,0
1233,34404,28,191104,0,5,0,0,139264,14,0,7,1048576,33120,75476,0,0
1234,332,0,0,0,4,0,0,0,2,25,8,1048576,0,163932,0,0
1235,332,56,21964,0,4,0,0,8192,48,0,3,1048576,34144,1452,0,0
1236,332,56,7520,0,6,0,0,20480,14,24,4,1048576,33088,0,0,0
1237,332,0,0,0,5,0,4369,65536,10,0,4,1048576,0,488524,0,0
1238,332,0,0,0,5,0,4369,65536,10,0,4,1048576,0,488524,0,0
1239,332,56,22548,0,4,0,0,8192,48,0,3,1048576,34144,1452,0,0
1240,332,0,0,0,4,0,0,770048,6,0,4,1048576,0,87572,1,0
1241,332,28,73856,0,5,0,0,73728,14,12,5,1048576,33088,0,0,0
1242,332,0,0,1,4,0,0,3077284,2,30,8,2097152,320,0,0,0
1243,332,112,335472,0,5,0,0,274432,14,16,5,1048576,33088,480,0,0
1244,332,0,0,0,5,0,0,1024000,14,16,3,1048576,33024,0,0,0
1245,332,28,639504,0,5,0,0,638976,9,0,4,1048576,32768,43720,0,0
1246,34404,56,108384,0,6,0,0,106496,12,0,6,1048576,33120,1688,0,0
1247,332,56,68292,0,4,0,0,8192,48,0,3,1048576,34144,1500,0,0
1248,332,0,0,0,5,0,0,778240,12,0,5,1048576,33088,724416,0,0
1249,332,0,0,0,4,0,0,95344,2,50,5,1048576,0,55524,0,0
1250,34404,0,0,1,6,0,0,2994208,3,0,6,2097152,33120,0,0,0
1251,332,0,0,0,4,0,0,8192,11,0,3,1048576,34144,824,0,0
1252,332,0,0,0,5,0,0,49152,14,0,5,1048576,64,0,0,0
1253,34404,28,210864,0,5,0,0,151552,14,28,7,1048576,33120,61520,0,0
1254,332,28,647680,0,5,666880,109,647168,9,0,4,1048576,33024,50624,0,0
1255,332,56,21452,0,4,0,0,8192,48,0,3,1048576,34144,1452,0,0
1256,332,0,0,0,5,0,0,503808,10,0,5,1048576,33088,436,0,0
1257,332,28,639424,0,5,0,0,638976,10,0,5,1048576,33024,77640,0,0
1258,332,0,0,0,5,0,0,102400,14,0,5,1048576,64,0,0,0
1259,332,0,0,0,5,0,0,1024000,14,16,3,1048576,33024,0,0,0
1260,332,0,0,0,5,0,0,1024000,14,16,3,1048576,33024,0,0,0
1261,332,56,63296,0,5,0,0,49152,14,0,6,1048576,32768,1952,0,0
1262,332,0,0,0,5,0,0,0,10,0,5,1048576,34112,10400,0,0
1263,332,28,601024,0,5,0,0,585728,12,0,5,4194304,32832,81292,0,0
1264,332,28,115168,0,5,0,0,114688,10,0,4,1048576,33024,33480,0,0
1265,332,0,0,0,5,0,0,0,12,0,6,1048576,34112,480,0,0
1266,332,0,0,0,5,0,4369,65536,10,0,4,1048576,0,488524,0,0
1267,332,0,0,0,5,1126400,153,1115228,2,25,11,1048576,0,11264,0,0
1268,332,56,348136,0,6,0,0,192512,14,28,5,1048576,32832,480,0,0
1269,332,0,0,0,4,0,0,499712,5,12,4,1048576,0,4444,0,0
1270,332,0,0,0,5,0,0,102400,14,0,5,1048576,64,0,0,0
1271,332,28,601024,0,5,0,0,585728,12,0,5,4194304,32832,72608,0,0
1272,332,0,0,1,4,0,0,3081380,2,30,8,2097152,320,0,0,0
1273,332,0,0,6,4,0,0,0,2,31,7,2097152,34112,15912,0,0
1274,332,112,1659088,0,6,0,0,1220608,14,0,7,1048576,33088,480,0,0
1275,332,0,0,0,5,66896,85,40960,12,0,6,1048576,1344,480,0,0
1276,332,28,111136,0,5,0,0,110592,10,0,5,1048576,33024,18288,0,0
1277,332,28,651824,0,5,0,0,651264,9,0,4,1048576,33024,40064,0,0
1278,332,0,0,0,5,66896,85,40960,12,0,6,1048576,1344,480,0,0
1279,332,0,0,1,4,0,0,3011736,2,30,8,2097152,320,0,0,0
1280,332,56,67100,0,4,0,0,8192,48,0,3,1048576,34144,1500,0,0
1281,332,56,7504,0,6,0,0,20480,14,24,4,1048576,33088,0,0,0
1282,332,0,0,0,5,0,0,49152,14,0,5,1048576,64,0,0,0
1283,332,0,0,0,4,0,0,0,2,50,5,1048576,0,127564,0,0
1284,332,0,0,1,4,0,0,4096,6,0,3,1048576,0,2568,0,0
1285,34404,56,108656,0,6,0,0,90112,14,16,5,1048576,33120,0,0,0
1286,34404,112,124576,0,6,0,0,90112,14,29,7,1048576,33120,480,0,0
1287,332,28,4560,0,4,0,0,4096,8,0,4,1048576,0,9168,0,0
1288,332,84,235472,0,5,243216,52,204800,14,0,6,1048576,33088,34044,0,0
1289,332,28,159744,0,4,0,0,250440,6,0,6,1048576,0,10640,0,0
1290,332,0,0,0,4,0,0,12288,6,0,4,1048576,0,3424,0,0
1291,332,0,0,0,5,0,0,49152,14,0,5,1048576,64,0,0,0
1292,332,0,0,0,4,0,0,0,2,25,8,1048576,0,1719416,0,0
1293,332,112,844384,0,5,0,0,765952,14,0,7,1048576,33088,480,0,0
1294,332,0,0,0,4,0,0,8192,48,0,3,1048576,34144,1536,0,0
1295,332,56,32760,0,4,0,0,8192,48,0,3,1048576,34144,4348,0,0
1296,332,0,0,0,5,0,0,503808,10,0,5,1048576,33024,436,0,0
1297,332,56,20896,0,6,0,0,16384,14,28,3,1048576,34048,0,0,0
1298,332,56,807440,0,6,0,0,729088,14,27,5,1048576,33088,480,0,0
1299,332,0,0,0,4,0,0,0,2,25,8,1048576,0,33432,0,0
1300,332,0,0,0,5,0,0,8192,11,0,5,1048576,33088,245192,0,0
1301,332,0,0,0,5,0,0,0,12,0,6,1048576,34112,480,0,0
1302,332,56,67568,0,4,0,0,8192,48,0,3,1048576,34144,1500,0,0
1303,332,56,68332,0,4,0,0,8192,48,0,3,1048576,34144,1500,0,0
1304,332,0,0,0,4,0,0,0,2,25,8,1048576,0,58368,0,0
1305,332,56,68296,0,4,0,0,8192,48,0,3,1048576,34144,1500,0,0
1306,332,28,5750664,0,4,0,0,8192,48,0,3,1048576,34112,1592,1,0
1307,332,0,0,0,5,0,0,102400,14,0,5,1048576,32832,0,0,0
1308,332,56,68312,0,4,0,0,8192,48,0,3,1048576,34144,1500,0,0
1309,332,56,68312,0,4,0,0,8192,48,0,3,1048576,34144,1500,0,0
1310,332,0,0,0,5,0,0,102400,14,0,5,1048576,64,0,0,0
1311,332,0,0,0,5,653008,70,643072,10,0,8,1048576,32768,28560,0,0
1312,332,0,0,0,5,0,0,0,14,0,5,1048576,32832,0,0,0
1313,332,0,0,0,4,2088960,76,2075520,2,25,10,1048576,0,470868,0,0
1314,332,28,106880,0,4,0,0,8192,11,0,3,1048576,34112,1392,0,0
1315,332,0,0,0,5,0,0,1024000,14,16,3,1048576,33024,0,0,0
1316,332,56,7424,0,6,0,0,20480,14,24,4,1048576,33088,0,0,0
1317,34404,0,0,0,5,0,0,3809280,14,0,10,1048576,33120,469,0,0
1318,332,0,0,0,5,66784,85,40960,12,0,6,1048576,1344,480,0,0
1319,332,0,0,0,5,66784,85,40960,12,0,6,1048576,1344,480,0,0
1320,332,0,0,0,5,0,0,53248,10,0,5,1048576,33024,24096,0,0
1321,332,0,0,0,5,0,0,45056,14,0,5,1048576,64,0,0,0
1322,332,0,0,6,4,0,0,0,2,31,7,2097152,34112,2688,0,0
1323,332,28,73856,0,5,0,0,73728,14,12,5,1048576,33088,0,0,0
1324,332,0,0,0,4,0,0,122880,6,0,3,1048576,0,0,0,0
1325,332,56,30240,0,5,0,0,8192,14,16,5,1048576,34112,480,0,0
1326,332,56,63216,0,5,0,0,49152,14,0,6,1048576,32768,1952,0,0
1327,332,56,68300,0,4,0,0,8192,48,0,3,1048576,34144,1500,0,0
1328,332,0,0,0,5,0,0,102400,14,0,5,1048576,32832,0,0,0
1329,332,0,0,0,4,0,0,0,2,25,8,1048576,0,5120,0,0
1330,332,56,68376,0,4,0,0,8192,48,0,3,1048576,34144,1500,0,0
1331,332,56,68376,0,4,0,0,8192,48,0,3,1048576,34144,1500,0,0
1332,332,28,4656,0,5,0,0,4096,10,0,5,1048576,32768,15360,0,0
1333,332,28,190684,0,5,0,0,143360,14,28,5,1048576,33088,114036,0,0
1334,332,56,137712,0,5,0,0,86016,14,16,5,1048576,33088,480,0,0
1335,332,0,0,0,4,0,0,36864,6,0,4,1048576,0,11168,0,0
1336,332,84,913056,0,5,915152,76,53248,14,0,9,1048576,33024,28080,0,0
1337,332,0,0,0,5,0,0,49152,14,0,72,1048576,32832,0,1,0
1338,332,0,0,0,5,0,4369,65536,10,0,4,1048576,0,488524,0,0
1339,34404,28,191296,0,5,0,0,139264,14,0,7,1048576,33120,121888,0,0
1340,332,56,68104,0,4,0,0,8192,48,0,3,1048576,34144,1500,0,0
1341,332,0,0,0,5,0,0,0,14,16,1,1048576,0,0,0,0
1342,332,0,0,0,5,0,0,0,14,0,6,1048576,32832,480,0,0
1343,34404,28,191680,0,5,0,0,139264,14,0,7,1048576,33120,62692,0,0
1344,34404,56,108640,0,6,0,0,90112,14,16,5,1048576,33120,0,0,0
1345,332,28,27628,0,4,0,0,8192,48,0,3,1048576,34144,5276,0,0
1346,332,56,25224,0,4,0,0,8192,48,0,3,1048576,34144,1364,0,0
1347,332,28,176768,0,5,0,0,176128,9,0,5,1048576,33024,10560,0,0
1348,332,28,5120,0,5,0,0,4096,10,0,4,1048576,32768,25896,0,0
1349,332,112,1805024,0,6,0,0,1355776,14,0,7,1048576,33088,480,0,0
1350,34404,56,209904,0,6,219024,124,180224,14,10,6,1048576,352,480,0,0
1351,332,56,4192,6,6,121168,5941,139264,12,10,5,262144,33088,2544,1,0
1352,332,56,68372,0,4,0,0,8192,48,0,3,1048576,34144,1500,0,0
1353,332,56,68372,0,4,0,0,8192,48,0,3,1048576,34144,1500,0,0
1354,332,0,0,0,5,0,0,102400,14,0,5,1048576,64,0,0,0
1355,332,56,7424,0,6,0,0,20480,14,24,5,1048576,33088,1509,0,0
1356,332,0,0,6,4,0,0,32768,6,0,5,1048576,34112,345146,0,0
1357,332,112,93136,0,5,0,0,73728,14,0,6,1048576,33088,480,0,0
1358,332,28,4640,0,5,0,0,4096,10,0,4,1048576,33024,30304,0,0
1359,34404,0,0,0,4,0,0,419072,2,34,10,2097152,352,0,0,0
1360,332,0,0,0,4,18672,67,16384,6,0,4,1048576,0,0,0,0
1361,332,28,82192,0,5,0,0,81920,14,12,5,1048576,33088,0,0,0
1362,332,56,63344,0,5,0,0,49152,14,0,6,1048576,32768,1952,0,0
1363,332,28,201232,0,5,220496,111,200704,9,0,4,1048576,32768,77840,0,0
1364,332,56,67156,0,4,0,0,8192,48,0,3,1048576,34144,1500,0,0
1365,332,0,0,0,5,0,0,49152,14,0,5,1048576,32832,0,0,0
1366,332,56,42832,0,4,0,0,8192,48,0,3,1048576,34144,1436,0,0
1367,332,28,4560,0,4,0,0,4096,8,0,4,1048576,0,9168,0,0
1368,332,56,68304,0,4,0,0,8192,48,0,3,1048576,34144,1500,0,0
1369,34404,56,108384,0,6,0,0,106496,12,0,6,1048576,33120,1688,0,0
1370,332,0,0,0,4,0,0,0,5,0,4,1048576,0,15360,0,0
1371,332,0,0,1,4,0,0,3003580,2,30,8,2097152,320,0,0,0
1372,332,56,68296,0,4,0,0,8192,48,0,3,1048576,34144,1500,0,0
1373,332,56,67100,0,4,0,0,8192,48,0,3,1048576,34144,1500,0,0
1374,34404,0,0,0,5,0,0,3809280,14,0,10,1048576,33120,469,0,0
1375,332,56,1045488,0,5,0,0,835584,14,0,6,1048576,33088,0,0,0
1376,332,0,0,1,4,0,0,3007676,2,30,8,2097152,320,0,0,0
1377,332,0,0,0,5,0,0,49152,14,0,5,1048576,32832,0,1,0
1378,332,0,0,0,5,0,0,102400,14,0,5,1048576,32832,0,0,0
1379,332,0,0,0,5,0,0,1024000,14,16,3,1048576,33024,0,0,0
1380,332,0,0,0,4,0,0,8192,11,0,3,1048576,34112,1240,0,0
1381,332,56,68296,0,4,0,0,8192,48,0,3,1048576,34144,1500,0,0
1382,332,56,63344,0,5,0,0,49152,14,0,6,1048576,32768,1952,0,0
1383,332,0,0,0,5,0,0,77824,14,0,6,1048576,33088,16,0,0
1384,332,56,68352,0,4,0,0,8192,48,0,3,1048576,34144,1500,0,0
1385,332,0,0,6,4,0,0,32768,6,0,5,1048576,34112,2934494,0,0
1386,332,84,88176,0,5,91792,80,61440,14,0,7,1048576,33024,26016,0,0
1387,332,28,48256,0,4,0,0,8192,48,0,3,1048576,34144,1484,0,0
1388,332,0,0,0,5,66784,85,40960,12,0,6,1048576,1344,480,0,0
1389,332,56,76416,0,5,0,0,61440,14,0,5,1048576,32832,0,0,0
1390,332,0,0,0,5,0,0,49152,14,0,5,1048576,32832,0,0,0
1391,332,28,5040,0,5,0,0,4096,10,0,5,1048576,33024,15808,0,0
1392,332,28,119360,0,5,0,0,118784,9,0,5,1048576,33024,14352,0,0
1393,332,0,0,0,5,0,0,1847296,9,0,4,1048576,32768,87232,0,0
1394,332,0,0,0,5,0,0,1024000,14,16,3,1048576,33024,0,0,0
1395,332,0,0,0,5,0,0,3891200,10,0,8,1048576,32768,74736,0,0
1396,332,0,0,0,4,0,0,495616,5,12,4,1048576,0,4444,0,0
1397,332,28,655824,0,5,0,0,655360,10,0,6,1048576,33024,151776,0,0
1398,332,0,0,0,5,0,0,53248,14,0,4,1048576,32832,0,0,0
1399,34404,0,0,0,6,6492160,345,6497556,2,27,11,2097152,33120,0,0,0
1400,332,0,0,0,5,0,0,1024000,14,16,3,1048576,33024,0,0,0
1401,332,56,7424,0,6,0,0,20480,14,24,5,1048576,33088,1445,0,0
1402,332,0,0,0,5,0,4369,65536,10,0,4,1048576,0,488524,0,0
1403,332,56,67452,0,4,0,0,8192,48,0,3,1048576,34144,1500,0,0
1404,332,0,0,0,4,0,0,8192,11,0,3,1048576,34144,1494,0,0
1405,332,0,0,0,5,0,0,102400,14,0,5,1048576,64,0,0,0
1406,332,56,292144,0,5,292528,268,245760,14,16,4,1048576,33088,0,1,0
1407,332,28,84944,0,6,0,0,57344,14,0,6,1048576,32768,16720,0,0
1408,332,0,0,0,5,658928,78,643072,10,0,4,1048576,32768,29568,0,0
1409,332,0,0,0,5,445136,75,65536,12,0,5,1048576,33024,43512,0,0
1410,332,56,1567400,0,6,0,0,1388544,14,28,5,1048576,33088,5240,0,0
1411,332,28,230887,0,4,0,0,8192,80,0,3,1048576,34112,374572,0,0
1412,332,56,127808,0,4,0,0,4096,8,0,4,1048576,32832,1840,0,0
1413,332,56,155696,0,5,166956,86,147456,12,2,5,1048576,320,928,0,0
1414,332,56,67240,0,4,0,0,8192,48,0,3,1048576,34144,1500,0,0
1415,34404,0,0,0,5,95216,56,77824,10,0,7,1048576,33088,37384,0,0
1416,34404,0,0,0,4,0,0,0,11,0,2,4194304,34112,132356,0,0
1417,332,84,36600,0,6,0,0,40960,14,0,7,1048576,33088,100020,0,0
1418,332,28,209568,0,5,0,0,208896,9,0,5,1048576,32768,35200,0,0
1419,332,0,0,6,4,0,0,0,2,31,7,2097152,34112,15912,0,0
1420,332,0,0,0,5,0,0,49152,14,0,5,1048576,32832,0,0,0
1421,332,56,68352,0,4,0,0,8192,48,0,3,1048576,34144,1500,0,0
1422,332,28,115152,0,5,0,0,114688,10,0,4,1048576,32768,31344,1,0
1423,332,56,25224,0,4,0,0,8192,48,0,3,1048576,34144,1364,0,0
1424,332,84,88192,0,5,91808,80,61440,14,0,7,1048576,33024,25504,0,0
1425,332,56,155696,0,5,162688,91,32768,12,1,5,1048576,320,928,0,0
1426,332,0,0,0,4,0,0,40960,6,0,4,1048576,0,3515476,1,0
1427,34404,56,102560,0,6,0,0,69632,14,26,7,1048576,33120,480,0,0
1428,332,0,0,0,5,0,0,0,14,0,5,1048576,32832,0,0,0
1429,332,56,25224,0,4,0,0,8192,48,0,3,1048576,34144,1364,0,0
1430,332,28,8512,0,5,0,0,8192,10,0,5,1048576,33088,436,0,0
1431,332,0,0,0,4,0,0,0,2,25,8,1048576,0,1719416,0,0
1432,332,56,2814544,0,6,0,0,2179072,14,28,4,1048576,33024,480,1,0
1433,332,56,1360976,0,4,0,0,8192,48,0,3,1048576,34144,5176,0,0
1434,332,0,0,0,5,66896,85,40960,12,0,6,1048576,1344,480,0,0
1435,332,0,0,1,4,0,0,3089572,2,30,8,2097152,320,0,0,0
1436,332,0,0,0,5,0,0,49152,10,0,4,1048576,33088,0,0,0
1437,332,0,0,0,5,0,0,102400,14,0,5,1048576,32832,0,0,0
1438,332,84,240320,0,5,247840,52,208896,14,0,6,1048576,49472,385768,0,0
1439,34404,84,786544,0,6,0,0,667648,14,29,7,16777216,33120,480,0,0
1440,332,0,0,0,6,0,0,0,14,29,4,1048576,33088,0,0,0
1441,332,0,0,1,4,0,0,0,3,0,4,1048576,0,0,0,0
1442,332,112,439120,0,5,0,0,348160,14,16,5,1048576,33088,480,0,0
1443,332,0,0,0,5,66784,85,0,12,0,6,1048576,1344,480,0,0
1444,332,56,58416,0,5,0,0,45056,14,0,6,1048576,32768,1896,0,0
1445,332,0,0,0,5,0,0,1024000,14,16,3,1048576,33024,0,0,0
1446,332,56,68316,0,4,0,0,8192,48,0,3,1048576,34144,1500,0,0
1447,332,56,21928,0,4,0,0,8192,48,0,3,1048576,34144,1452,0,0
1448,332,0,0,0,4,0,0,0,2,25,6,1048576,0,2032,0,0
1449,332,84,23284,0,4,0,0,8192,48,0,3,1048576,34144,1340,0,0
1450,332,56,806496,0,6,0,0,729088,14,27,5,1048576,33088,480,0,0
1451,332,28,5024,0,5,0,0,4096,10,0,4,1048576,33024,15280,0,0
1452,332,0,0,0,5,0,0,102400,14,0,5,1048576,64,0,0,0
1453,332,56,58416,0,5,0,0,45056,14,0,6,1048576,32768,1896,0,0
1454,332,0,0,0,5,0,0,16384,10,0,4,1048576,33088,0,0,0
1455,332,0,0,0,5,66896,85,40960,12,0,6,1048576,1344,480,0,0
1456,332,0,0,0,4,0,0,126976,6,0,3,1048576,0,0,0,0
1457,332,56,63312,0,5,0,0,49152,14,0,6,1048576,32768,1952,0,0
1458,332,0,0,0,4,0,0,0,2,25,8,1048576,0,11776,0,0
1459,34404,28,408240,0,6,0,0,339968,14,28,7,1048576,33120,480,0,0
1460,332,56,231512,0,4,0,0,8192,48,0,3,1048576,34144,5984,0,0
1461,34404,0,0,0,4,0,0,419040,2,34,10,2097152,352,0,0,0
1462,332,28,4704,0,5,123760,102,4096,9,0,3,1048576,33024,81096,0,0
1463,332,0,0,1,4,0,0,3007676,2,30,8,2097152,320,0,0,0
1464,332,0,0,0,5,0,0,49152,14,0,5,1048576,64,0,0,0
1465,332,0,0,0,4,0,0,294912,7,10,4,1048576,0,105060,0,0
1466,332,0,0,0,5,0,0,1024000,14,16,3,1048576,33024,0,0,0
1467,332,84,144112,0,5,0,0,143360,12,0,5,1048576,33088,97296,0,0
1468,332,0,0,0,5,0,0,4096,9,0,6,1048576,33024,952,0,0
1469,332,84,235472,0,5,243008,52,204800,14,0,6,1048576,33088,289264,0,0
1470,332,0,0,0,5,0,0,77824,9,0,4,1048576,32768,2008,0,0
1471,34404,0,0,0,6,45312,84,45056,14,16,5,1048576,352,0,0,0
1472,332,28,4528,0,4,0,0,4096,8,0,6,1048576,0,12904,0,0
1473,34404,0,0,0,4,0,0,423132,2,34,10,2097152,352,0,0,0
1474,332,56,67720,0,4,0,0,8192,48,0,3,1048576,34144,1500,0,0
1475,332,0,0,0,5,0,0,102400,14,0,5,1048576,64,0,0,0
1476,332,0,0,0,4,0,0,0,2,25,9,1048576,0,3910296,0,0
1477,332,28,190732,0,5,0,0,143360,14,29,5,2000000,33088,1576,0,0
1478,332,0,0,0,5,0,0,49152,14,0,5,1048576,32832,0,0,0
1479,332,0,0,0,5,66784,85,0,12,0,6,1048576,1344,480,0,0
1480,332,0,0,0,5,0,0,90112,10,0,5,1048576,33024,161344,0,0
1481,332,56,155696,0,5,166956,86,147456,12,2,5,1048576,320,928,0,0
1482,332,28,4640,0,5,0,0,4096,10,0,4,1048576,33024,18848,0,0
1483,332,28,119424,0,5,0,0,118784,9,0,5,1048576,33024,11972,0,0
1484,332,0,0,0,4,0,0,122880,6,0,3,1048576,0,0,0,0
1485,332,0,0,0,4,0,0,0,11,0,2,1048576,0,472,0,0
1486,332,0,0,6,4,0,0,28672,6,0,5,1048576,34112,2584,0,0
1487,332,0,0,0,5,0,0,32768,11,0,4,1048576,33024,100672,0,0
1488,332,0,0,0,4,0,0,331776,8,0,4,1048576,0,58108,0,0
1489,332,28,107040,0,5,0,0,106496,10,0,5,1048576,32768,18216,0,0
1490,332,0,0,0,5,0,0,36864,9,0,4,1048576,32768,164368,0,0
1491,332,0,0,1,4,0,0,2290676,2,30,8,2097152,320,0,0,0
1492,34404,56,193680,0,6,201600,124,163840,14,16,6,1048576,352,480,0,0
1493,332,0,0,0,5,0,0,102400,14,0,5,1048576,64,0,0,0
1494,332,28,4528,0,4,0,0,4096,8,0,6,1048576,0,12904,0,0
1495,34404,28,20480,0,4,0,0,1642820,2,29,10,2097152,32768,1256,0,0
1496,332,56,67100,0,4,0,0,8192,48,0,3,1048576,34144,1500,0,0
1497,332,0,0,0,5,0,0,102400,14,0,5,1048576,64,0,0,0
1498,332,28,4528,0,5,0,0,4096,9,0,3,1048576,33024,54472,0,0
1499,332,56,22324,0,4,0,0,8192,48,0,3,1048576,34112,4544,0,0
1500,332,0,0,0,5,0,4369,65536,10,0,4,1048576,0,488524,0,0
1501,332,28,115152,0,5,0,0,114688,10,0,4,1048576,33024,31344,0,0
1502,332,0,0,0,5,0,0,65536,12,0,5,1048576,33024,116460,0,0
1503,332,28,127536,0,5,0,0,126976,9,0,5,1048576,33024,10016,0,0
1504,332,0,0,1,4,0,0,3077284,2,30,8,2097152,320,0,0,0
1505,332,0,0,1,4,0,0,0,3,4,5,16777216,0,16,0,0
1506,332,84,116896,0,5,0,0,81920,14,0,7,1048576,33024,44592,0,0
1507,332,56,2814544,0,6,0,0,2179072,14,28,4,1048576,33024,480,1,0
1508,332,0,0,0,5,0,0,102400,14,0,5,1048576,64,0,0,0
1509,332,56,68272,0,4,0,0,8192,48,0,3,1048576,34144,1500,0,0
1510,332,56,67196,0,4,0,0,8192,48,0,3,1048576,34144,1500,0,0
1511,332,0,0,0,5,0,0,49152,14,0,5,1048576,32832,0,0,0
1512,332,56,50548,0,4,0,0,8192,48,0,3,1048576,34112,4872,0,0
1513,34404,112,674512,0,6,0,0,614400,14,28,7,1048576,33056,109672,0,0
1514,332,0,0,0,5,0,0,49152,14,0,5,1048576,32832,0,0,0
1515,332,56,98384,0,6,0,0,77824,14,26,4,1048576,33088,0,0,0
1516,332,0,0,0,4,0,0,0,2,25,8,1048576,0,7388,0,0
1517,332,28,91856,0,5,0,0,81920,12,0,4,1048576,33088,0,0,0
1518,332,28,639424,0,5,0,0,638976,10,0,5,1048576,33024,92096,0,0
1519,332,0,0,1,4,0,0,1142784,83,82,10,2097152,0,26552,0,0
1520,332,0,0,0,5,0,0,49152,14,0,5,1048576,64,0,0,0
1521,332,0,0,0,4,0,0,8192,11,0,3,1048576,34112,3608,0,0
1522,332,84,240320,0,5,247840,52,208896,14,0,6,1048576,49472,86536,0,0
1523,332,28,68348,0,4,0,0,8192,48,0,3,1048576,34144,1500,0,0
1524,332,0,0,0,6,0,0,0,14,28,5,1048576,33088,14024836,0,0
1525,332,56,64296,0,4,0,0,8192,80,0,3,1048576,34112,1504,0,0
1526,332,0,0,0,4,0,0,8192,11,0,3,1048576,34112,1312,0,0
1527,332,0,0,0,5,0,0,102400,14,0,5,1048576,32832,0,0,0
1528,332,56,22548,0,4,0,0,8192,48,0,3,1048576,34144,1452,0,0
1529,332,56,155696,0,5,157584,89,28672,12,2,5,1048576,320,928,0,0
1530,332,112,439056,0,5,0,0,348160,14,16,5,1048576,33088,480,0,0
1531,332,0,0,0,4,0,0,94208,8,0,4,1048576,0,5376,1,0
1532,332,56,127808,0,4,0,0,4096,8,0,4,1048576,32832,1840,0,0
1533,332,0,0,0,5,0,0,1024000,14,16,3,1048576,33024,0,0,0
1534,34404,0,0,0,4,0,0,0,11,0,2,4194304,34112,1192,0,0
1535,332,28,111040,0,5,0,0,110592,9,0,4,1048576,32768,105984,0,0
1536,332,0,0,0,4,0,0,831488,6,0,4,1048576,0,224116,0,0
1537,332,0,0,0,5,0,0,49152,14,0,5,1048576,32832,0,0,0
1538,332,0,0,0,5,0,0,0,9,0,4,1048576,33088,1736,0,0
1539,332,28,45456,0,5,0,0,45056,9,0,7,1048576,33024,148200,0,0
1540,332,0,0,0,5,0,0,102400,14,0,5,1048576,32832,0,0,0
1541,332,56,534972,0,6,0,0,466944,14,28,5,1048576,33088,488,0,0
1542,34404,112,1428880,11,6,0,0,196608,14,28,7,1048576,33120,55208,0,0
1543,332,28,4560,0,4,0,0,4096,8,0,4,1048576,0,9168,0,0
1544,332,28,115540,0,4,0,0,8192,48,0,3,1048576,34112,4332,0,0
1545,332,28,725552,0,5,0,0,724992,9,0,4,1048576,33024,37208,0,0
1546,332,56,67196,0,4,0,0,8192,48,0,3,1048576,34144,1500,0,0
1547,332,0,0,0,5,0,0,1024000,14,16,3,1048576,33024,0,0,0
1548,332,56,21580,0,4,0,0,8192,48,0,3,1048576,34144,1452,0,0
1549,332,56,67076,0,4,0,0,8192,48,0,3,1048576,34144,1500,0,0
1550,332,0,0,0,4,0,0,0,2,25,8,1048576,0,58368,0,0
1551,34404,28,191680,0,5,0,0,139264,14,0,7,1048576,33120,62692,0,0
1552,332,56,68296,0,4,0,0,8192,48,0,3,1048576,34144,1500,0,0
1553,332,84,1633584,0,5,0,0,53248,14,0,6,1048576,32768,28168,0,0
1554,34404,0,0,0,5,0,0,1880064,9,0,6,1048576,32768,37952,0,0
1555,332,0,0,1,4,0,0,3077284,2,30,8,3145728,320,0,0,0
1556,332,0,0,0,5,0,0,1024000,14,16,3,1048576,33024,0,0,0
1557,332,56,67100,0,4,0,0,8192,48,0,3,1048576,34144,1500,0,0
1558,332,56,67100,0,4,0,0,8192,48,0,3,1048576,34144,1500,0,0
1559,332,0,0,0,5,66896,85,40960,12,0,6,1048576,1344,480,0,0
1560,332,56,110704,0,6,0,0,86016,14,0,6,1048576,33088,3560,0,0
1561,34404,0,0,0,5,0,0,7098368,14,0,9,1048576,33120,469,1,0
1562,332,0,0,0,5,0,0,49152,14,0,5,1048576,64,0,0,0
1563,332,0,0,1,4,0,0,4096,6,0,3,1048576,0,2568,0,0
1564,332,0,0,0,4,0,0,0,2,25,8,1048576,0,26112,0,0
1565,332,56,453168,0,4,0,0,8192,48,0,3,1048576,34144,1500,0,0
1566,332,56,156176,0,5,0,0,155648,12,0,5,1048576,33024,8712,0,0
1567,332,28,635360,0,5,0,0,634880,9,0,4,1048576,33024,56416,0,0
1568,332,0,0,0,4,0,0,8192,48,0,3,1048576,34112,73000,0,0
1569,34404,28,7520,6,6,0,0,4096,9,0,5,524288,33088,150136,0,0
1570,34404,56,197760,0,6,205696,124,167936,14,16,6,1048576,352,480,0,0
1571,332,0,0,0,4,0,0,0,2,25,8,1048576,0,58368,0,0
1572,332,84,85200,0,5,0,0,53248,14,0,8,1048576,33024,43472,0,0
1573,332,0,0,0,5,0,0,503808,10,0,5,1048576,33088,436,0,0
1574,332,28,123600,0,5,0,0,122880,9,0,8,1048576,0,29772,0,0
1575,332,56,715328,0,6,0,0,643072,14,29,5,1048576,33088,480,0,0
1576,332,28,171872,0,5,0,0,131072,14,0,6,1048576,33088,179780,0,0
1577,332,28,647696,0,5,667376,108,647168,9,0,4,1048576,32768,65136,0,0
1578,332,28,90704,0,5,0,0,90112,9,0,4,1048576,33024,26880,0,0
1579,332,0,0,0,5,66896,85,40960,12,0,6,1048576,1344,480,0,0
1580,332,0,0,0,4,0,0,32768,6,0,4,1048576,0,3448736,1,0
1581,332,28,160400,0,5,0,0,159744,9,0,4,1048576,32768,40904,0,0
1582,34404,56,197760,0,6,205696,124,167936,14,16,6,1048576,352,480,0,0
1583,332,112,1012752,0,5,0,0,823296,14,0,7,1048576,33088,480,0,0
1584,34404,0,0,0,5,95216,56,77824,10,0,7,1048576,33088,37384,0,0
1585,332,0,0,4,4,0,0,12288,5,12,4,1048576,0,240,0,0
1586,332,0,0,0,5,0,4369,65536,10,0,4,1048576,0,488524,0,0
1587,34404,84,28928,0,6,0,0,20480,14,16,6,1048576,33120,2272,0,0
1588,34404,0,0,0,4,0,0,410880,2,34,10,2097152,352,0,0,0
1589,34404,28,191104,0,5,0,0,139264,14,0,7,1048576,33120,75476,0,0
1590,332,0,0,1,4,0,0,0,2,64,6,16777216,0,245392,0,0
1591,332,0,0,0,4,0,0,0,2,25,8,1048576,0,135168,0,0
1592,332,56,22108,0,4,0,0,8192,48,0,3,1048576,34144,1452,0,0
1593,332,28,4672,0,5,0,0,4096,10,0,4,1048576,33024,30080,0,0
1594,332,0,0,0,5,0,0,0,14,16,4,1048576,33088,0,0,0
1595,332,0,0,0,4,0,0,0,2,25,6,0,1,257536,0,0
1596,332,112,13144,0,6,0,0,12288,14,31,5,1048576,33088,5077800,1,0
1597,332,0,0,0,5,0,0,49152,10,0,4,1048576,33088,0,0,0
1598,332,0,0,0,5,0,0,49152,14,0,5,1048576,64,0,0,0
1599,332,28,635344,0,5,0,0,634880,9,0,4,1048576,33024,32800,1,0
1600,332,56,438784,0,5,0,0,368640,14,0,9,1048576,33088,480,0,0
1601,34404,28,20480,0,4,0,0,1642820,2,29,10,2097152,32768,1256,0,0
1602,332,28,639504,0,5,656320,80,638976,9,0,4,1048576,32768,70792,0,0
1603,332,0,0,0,5,0,0,32768,14,0,6,1048576,32768,1896,0,0
1604,332,0,0,1,4,0,0,4096,6,0,3,1048576,0,2568,0,0
1605,332,112,844384,0,5,0,0,765952,14,0,8,1048576,33088,512,0,0
1606,332,0,0,0,5,0,0,49152,14,0,5,1048576,32832,0,0,0
1607,332,0,0,0,4,0,0,0,2,25,8,16777216,0,49040,0,0
1608,332,56,807440,0,6,0,0,729088,14,27,5,1048576,33088,480,0,0
1609,332,84,86528,0,5,0,0,86016,12,0,5,1048576,33088,268680,0,0
1610,332,0,0,0,5,0,0,102400,14,0,5,1048576,64,0,0,0
1611,332,0,0,0,5,0,0,0,14,0,5,1048576,32832,0,0,0
1612,332,0,0,0,5,0,0,1024000,14,16,3,1048576,33024,0,0,0
1613,332,56,68288,0,4,0,0,8192,48,0,3,1048576,34144,1500,0,0
1614,332,0,0,0,4,0,0,0,7,10,4,1048576,0,928,0,0
1615,332,28,77800,0,4,0,0,8192,48,0,3,1048576,34144,1452,0,0
1616,332,56,68104,0,4,0,0,8192,48,0,3,1048576,34144,1500,0,0
1617,332,0,0,6,4,0,0,32768,6,0,5,1048576,34112,17192,0,0
1618,332,0,0,0,5,66784,85,40960,12,0,6,1048576,1344,480,0,0
1619,332,0,0,0,5,0,0,0,14,16,4,1048576,50176,203441,0,0
1620,332,0,0,0,5,0,0,24576,10,0,5,1048576,33024,136028,0,0
1621,332,28,647696,0,5,666960,110,647168,9,0,4,1048576,32768,77840,0,0
1622,332,0,0,0,5,509472,125,167936,9,0,5,1048576,32768,39872,0,0
1623,332,0,0,1,4,0,0,1142784,83,82,10,2097152,0,26552,0,0
1624,332,0,0,0,5,0,0,49152,10,0,4,1048576,33088,0,0,0
1625,332,0,0,0,5,66896,85,40960,12,0,6,1048576,1344,480,0,0
1626,34404,0,0,0,4,0,0,128712,2,50,6,1048576,0,1536,0,0
1627,34404,28,191968,0,5,0,0,139264,14,0,7,1048576,33120,61524,0,0
1628,332,28,664032,0,5,0,0,663552,9,0,4,1048576,33024,108704,0,0
1629,332,0,0,1,4,0,0,0,3,4,2,16777216,0,16,0,0
1630,332,0,0,0,4,0,0,67324,2,50,5,1048576,0,224380,0,0
1631,332,56,40596,0,4,0,0,8192,48,0,3,1048576,34144,1452,0,0
1632,332,0,0,0,5,0,0,1024000,14,16,3,1048576,33024,0,0,0
