FileName,00,01,02,03,04,05,06,07,08,09,0A,0B,0C,0D,0E,0F,10,11,12,13,14,15,16,17,18,19,1A,1B,1C,1D,1E,1F,20,21,22,23,24,25,26,27,28,29,2A,2B,2C,2D,2E,2F,30,31,32,33,34,35,36,37,38,39,3A,3B,3C,3D,3E,3F,40,41,42,43,44,45,46,47,48,49,4A,4B,4C,4D,4E,4F,50,51,52,53,54,55,56,57,58,59,5A,5B,5C,5D,5E,5F,60,61,62,63,64,65,66,67,68,69,6A,6B,6C,6D,6E,6F,70,71,72,73,74,75,76,77,78,79,7A,7B,7C,7D,7E,7F,80,81,82,83,84,85,86,87,88,89,8A,8B,8C,8D,8E,8F,90,91,92,93,94,95,96,97,98,99,9A,9B,9C,9D,9E,9F,A0,A1,A2,A3,A4,A5,A6,A7,A8,A9,AA,AB,AC,AD,AE,AF,B0,B1,B2,B3,B4,B5,B6,B7,B8,B9,BA,BB,BC,BD,BE,BF,C0,C1,C2,C3,C4,C5,C6,C7,C8,C9,CA,CB,CC,CD,CE,CF,D0,D1,D2,D3,D4,D5,D6,D7,D8,D9,DA,DB,DC,DD,DE,DF,E0,E1,E2,E3,E4,E5,E6,E7,E8,E9,EA,EB,EC,ED,EE,EF,F0,F1,F2,F3,F4,F5,F6,F7,F8,F9,FA,FB,FC,FD,FE,FF
VirusShare_3edd3e77f0447c560ae517746a0100b3,2786726,4877,4894,5388,4774,4729,4761,4796,4836,4606,4730,5111,4771,4765,4832,4762,4778,4711,4804,4893,4875,4782,4961,4762,4867,4747,4758,4905,4706,4711,4797,4716,4674,4771,4691,4743,4841,4718,4809,4703,4606,4850,4888,4862,4816,4675,4745,4712,4809,4727,4884,4856,4871,4774,4690,4669,4696,4770,4747,4835,4683,4743,4762,4788,4719,4842,4899,4828,4962,5099,5607,4866,4833,4843,4913,4762,4655,4885,4818,4805,4832,4889,4925,4767,4755,4814,4776,4823,4711,4761,4705,4684,4855,4748,4733,4698,4840,9859,4858,4819,4787,4834,4811,4836,4827,4793,4695,4605,4620,4670,4744,4822,4709,4674,4806,4900,4835,4883,14794,4781,4689,4818,4664,4547,4651,4762,4846,4844,4993,4847,4916,4837,4650,4916,4630,4706,4730,4887,4869,4989,4712,4835,4814,4803,4710,4804,4673,4662,4753,4810,4829,4888,4838,4801,4845,4872,4711,4687,4841,4904,4708,4774,4792,4821,4743,4763,4811,4819,4828,4724,4905,4758,4723,4845,4935,4895,4863,4786,4882,4789,4747,4760,4903,4785,4842,5431,4872,4753,4752,4839,4829,4699,4732,4702,4904,4926,4807,4835,4806,4971,4883,4833,4884,4875,4760,5478,4778,4916,4864,4702,4732,4839,4808,4752,4704,4912,4764,4765,4788,4866,4837,4825,4750,4788,4786,4676,4686,4716,4738,4670,4769,4741,4926,4690,4844,4819,4866,4715,4752,4748,4689,4755,4756,4871,4737,4695,4820,4670,4861,4781,4793,4783,4851,4853,4654,4759
VirusShare_40f0591b4358892427511912cfdbac30,6576,350,249,131,369,114,191,176,596,91,76,133,332,89,61,154,250,98,61,73,225,134,109,81,120,62,51,63,103,91,32,49,95,43,23,66,106,81,53,40,99,70,35,85,106,143,51,51,139,43,76,132,65,55,71,42,84,133,67,205,63,50,74,47,130,148,125,120,117,669,168,86,146,67,67,82,98,268,131,134,337,218,101,130,77,282,212,171,102,104,47,101,57,198,138,104,68,93,54,62,100,124,114,47,144,69,71,18,97,1580,91,77,78,44,57,88,311,520,84,54,66,73,22,49,59,189,54,55,201,152,47,328,82,241,49,59,73,427,72,1281,89,210,52,47,1145,97,31,39,57,49,50,52,125,55,51,74,79,38,41,42,79,55,52,49,50,43,32,48,71,52,33,33,69,31,41,36,107,66,45,49,113,55,64,50,157,68,33,40,61,73,42,48,279,64,168,114,115,35,107,216,104,126,47,45,86,38,55,61,100,50,51,43,74,37,52,51,124,29,30,78,125,57,41,31,98,50,42,38,98,71,20,45,364,136,44,190,270,59,19,38,186,1123,203,329,168,52,81,45,160,45,56,42,310,71,77,1571
VirusShare_41258d2916c4cc1d06320d8a84f34493,5388,42198,604,1922,955,522,501,517,585,502,494,529,663,501,463,722,1979,802,669,4413,567,612,552,622,471,473,503,516,522,451,475,667,725,543,604,4362,1644,804,673,892,545,516,668,546,583,500,462,506,524,549,544,563,544,567,516,469,490,465,686,512,622,528,517,517,595,538,543,1194,613,664,545,547,556,543,530,520,637,534,529,547,695,647,582,671,566,559,528,529,490,505,526,527,599,478,563,529,552,650,620,680,693,522,512,485,584,672,867,631,662,506,476,536,549,567,573,572,632,583,449,505,536,540,690,486,541,616,484,497,531,480,473,636,587,510,450,515,654,586,573,879,528,508,484,531,551,520,522,536,503,485,504,467,552,452,498,567,580,486,418,497,472,525,515,566,557,441,481,489,500,504,747,575,593,446,550,547,494,507,511,438,545,518,534,573,542,496,685,543,511,525,464,479,570,545,542,578,573,498,553,572,557,564,898,671,1371,641,498,539,607,681,576,601,561,502,566,1081,1153,494,647,823,590,446,484,447,494,647,479,522,611,542,493,530,741,1690,714,564,634,526,583,503,525,538,562,499,637,601,754,739,864,1279,4079,911,872,850,628,2349
VirusShare_44bca4965cb94d1f1c6895c383db59e0,0,0,0,0,0,0,0,0,0,0,0,0,0,0,0,0,0,0,0,0,0,0,0,0,0,0,0,0,0,0,0,0,0,0,0,0,0,0,0,0,0,0,0,0,0,0,0,0,0,0,0,0,0,0,0,0,0,0,0,0,0,0,0,0,0,0,0,0,0,0,0,0,0,0,0,0,0,0,0,0,0,0,0,0,0,0,0,0,0,0,0,0,0,0,0,0,0,0,0,0,0,0,0,0,0,0,0,0,0,0,0,0,0,0,0,0,0,0,0,0,0,0,0,0,0,0,0,0,0,0,0,0,0,0,0,0,0,0,0,0,0,0,0,0,0,0,0,0,0,0,0,0,0,0,0,0,0,0,0,0,0,0,0,0,0,0,0,0,0,0,0,0,0,0,0,0,0,0,0,0,0,0,0,0,0,0,0,0,0,0,0,0,0,0,0,0,0,0,0,0,0,0,0,0,0,0,0,0,0,0,0,0,0,0,0,0,0,0,0,0,0,0,0,0,0,0,0,0,0,0,0,0,0,0,0,0,0,0,0,0,0,0,0,0,0,0,0,0,0,0,0,0,0,0,0,0
VirusShare_4547ee51d1fc965f0c982b7d67701772,2412,149,68,190,85,39,14,14,180,28,20,30,162,10,7,119,138,19,9,9,49,19,5,11,38,8,3,6,31,3,9,12,42,9,5,3,65,18,4,9,31,7,2,15,7,6,44,6,16,19,27,61,33,9,15,5,12,35,1,38,17,7,5,5,29,264,58,292,160,778,155,275,102,149,14,18,206,565,138,71,285,124,190,348,185,360,102,267,15,18,28,7,5,67,16,16,14,675,101,327,292,1847,240,126,141,684,39,76,652,363,627,934,225,10,788,557,1352,482,95,57,121,161,35,79,19,168,7,8,71,170,10,261,51,166,7,3,27,309,15,813,32,119,7,12,169,1,11,3,15,14,6,5,8,9,5,1,11,1,4,1,15,16,4,3,46,8,7,15,19,3,4,4,16,5,7,7,15,8,13,9,13,18,24,34,19,3,23,7,11,9,8,5,35,33,62,55,82,5,149,267,30,19,10,12,100,3,8,13,35,17,21,8,37,4,8,14,50,46,15,10,61,18,5,25,73,12,23,10,64,47,23,19,187,52,10,101,169,3,4,26,117,8,15,16,143,6,11,29,158,32,26,11,141,5,100,1035
VirusShare_4bf3845d2fea32a04d27624653f6b4a2,3319,272,162,195,272,143,98,91,379,68,61,65,233,91,48,302,173,71,36,48,140,316,16,15,87,26,28,49,53,47,39,25,89,21,24,59,158,30,22,16,41,13,6,85,42,26,15,9,55,18,13,143,42,103,10,8,63,135,22,192,42,53,25,28,637,47,361,45,115,435,84,20,58,11,14,18,28,139,47,11,346,62,17,207,17,133,242,247,19,19,12,36,41,94,71,49,40,8,5,8,19,24,38,10,234,17,336,6,16,15,6,7,156,119,141,54,352,557,34,8,40,15,7,6,42,163,24,26,120,91,6,308,98,236,28,9,90,324,41,743,41,194,31,24,37,28,6,24,22,16,20,9,19,10,4,50,16,6,13,55,42,59,5,47,30,6,4,2,32,4,2,7,6,6,0,44,27,8,5,6,14,8,33,22,40,11,1,11,25,8,51,29,288,102,99,61,28,11,49,133,99,63,29,34,72,16,17,19,65,22,19,52,45,10,80,20,65,21,10,38,35,8,11,19,83,20,25,73,58,6,17,16,562,126,12,307,150,15,12,11,123,15,17,27,72,8,96,46,202,51,27,62,147,24,84,1389
VirusShare_4f488a09e2895c4184cc451e95da0599,36794,480,60450,1585,611,426,331,373,608,368,358,356,332,356,302,451,665,245,298,340,364,397,396,400,407,393,413,321,280,216,214,281,318,223,259,316,388,304,348,323,432,381,398,410,496,278,513,2992,641,793,652,764,455,359,428,447,445,391,450,444,399,366,436,495,484,610,328,429,362,561,269,273,396,331,342,330,319,366,275,279,436,422,377,525,1441,547,430,3107,383,436,516,646,322,362,301,302,363,310,392,383,385,360,313,251,361,301,451,350,401,307,470,427,587,406,565,499,507,357,283,229,334,234,336,324,331,320,452,351,397,323,262,503,337,421,345,360,534,660,438,930,290,378,273,220,302,228,246,237,318,355,355,395,428,314,313,270,251,257,225,221,271,329,262,292,363,294,254,230,327,314,328,292,371,435,559,502,618,3072,515,447,426,444,331,335,481,417,602,299,280,328,383,282,478,364,278,399,368,284,455,489,357,346,302,332,872,625,678,488,406,280,346,296,382,323,593,535,822,398,424,307,546,340,387,317,292,262,264,249,230,268,193,282,631,1174,294,438,391,310,444,434,473,425,348,323,357,344,309,309,373,280,246,362,433,493,545,1596
VirusShare_539a2219b11a2ecf4c85dedded324c53,11912,1608,1349,3643,2064,1203,1143,1259,1498,1071,946,1227,1217,870,834,1109,1025,856,855,949,1055,849,850,818,913,1018,845,794,861,723,718,919,826,764,700,830,1227,609,659,820,887,993,792,846,1375,1056,1193,1747,5406,1328,1249,1345,1247,911,977,973,950,988,958,947,901,1001,1060,1086,1444,1218,1334,1288,1334,3343,5494,1145,867,978,1027,797,759,931,861,869,1104,979,891,911,813,902,904,939,757,785,676,768,830,792,885,938,763,756,1021,778,868,775,790,637,711,839,1138,702,990,783,957,1039,1025,862,1180,1153,1572,1147,718,637,655,724,826,903,841,876,797,871,989,1019,931,1421,1140,1479,1235,1351,1070,1385,985,1670,740,867,602,530,590,587,543,535,583,592,626,686,667,766,598,588,680,547,567,796,495,540,498,571,620,584,563,719,649,1017,702,779,822,774,712,940,754,753,644,771,740,739,754,792,733,883,677,778,695,974,823,1113,1252,986,912,1010,890,999,902,915,786,1018,735,794,912,921,677,701,589,645,627,753,656,551,634,785,662,928,734,706,724,680,667,898,649,737,644,627,715,685,726,1845,1923,3344,778,946,910,822,761,1200,1107,900,788,838,864,900,950,1132,1202,1183,1180,1608,2050,1749,1470,3908
VirusShare_57263b8713263388ea9e62e9b2178e0f,5379,12,48,21,15,2,9,9,29,3,2,1,13,18,2,12,84,5,2,1,5,19,7,5,4,5,0,0,19,5,2,2,0,1,72,2,3,1,0,0,2,0,1,1,1,1,1,1,11,3,13,12,11,5,1,0,1,2,0,10,8,1,2,1,7,2,0,0,0,60,0,1,2,2,1,0,72,22,0,0,14,11,8,4,6,38,2,4,33,1,0,3,0,12,3,0,0,1,0,7,6,0,0,1,16,3,4,0,4,1,2,0,3,0,0,5,7,5,0,0,5,0,2,0,6,1,1,0,5,6,0,25,1,3,0,1,5,28,3,113,0,2,0,0,2,0,0,0,2,1,1,0,0,2,1,0,0,0,1,0,1,9,0,3,0,0,0,0,2,2,0,1,0,0,0,1,1,0,1,1,1,0,0,3,0,19,1,0,0,0,0,2,8,4,2,14,14,0,3,29,1,0,0,0,75,1,1,1,3,9,18,0,2,1,3,1,4,0,0,1,5,2,0,1,5,1,4,0,7,8,0,0,24,4,2,14,19,0,0,1,9,0,2,1,8,1,8,2,9,1,4,0,42,0,3,26
VirusShare_57d28b83311f3cf77ee24783d5ab1a34,504,54,24,116,44,17,9,10,82,7,4,3,67,15,3,33,132,8,2,0,12,21,2,1,15,7,1,3,6,3,0,6,7,0,3,2,40,5,0,0,9,2,1,11,5,6,2,0,12,3,4,48,5,13,0,0,5,8,5,15,3,8,1,0,11,4,2,4,20,124,1,8,10,3,1,1,10,54,6,2,33,33,38,36,5,76,36,12,9,10,2,16,4,32,10,15,3,0,0,1,17,6,19,0,35,1,38,2,4,1,0,0,12,5,5,7,38,21,5,0,1,1,0,2,6,11,1,11,7,11,0,83,2,44,2,2,5,85,2,273,6,38,0,2,1,0,0,7,4,10,0,1,0,2,0,0,5,2,0,0,1,13,3,13,2,1,1,1,2,1,3,1,1,0,0,0,3,2,0,5,2,0,2,5,8,2,1,2,2,6,0,1,51,14,11,41,33,2,5,58,12,6,4,8,107,0,1,6,16,5,9,2,9,2,1,2,15,2,0,2,8,0,0,1,21,2,2,0,9,14,1,1,93,8,5,19,55,1,0,2,30,1,1,4,19,0,5,6,44,4,7,3,49,10,75,253
VirusShare_58bb90b3277b8917ec796820a1b4a890,708,29,8,11,39,7,12,17,35,10,3,4,15,11,2,4,29,3,0,1,13,36,2,0,13,0,0,2,8,6,5,3,81,64,36,4,77,124,9,6,5,0,0,7,5,1,0,0,11,1,1,7,4,4,0,0,3,2,3,12,11,6,5,0,217,6,1,2,29,22,9,0,6,3,0,1,24,21,3,0,36,15,4,6,8,6,20,11,6,12,0,2,4,5,13,6,13,0,0,0,33,5,4,1,37,0,108,1,5,1,1,1,4,1,2,1,22,15,3,1,3,0,0,0,5,4,2,1,11,11,0,27,8,12,3,3,8,39,3,109,10,56,5,1,281,2,0,0,7,2,0,0,4,2,1,0,3,1,2,1,12,14,4,2,8,0,1,0,4,0,1,2,5,1,0,1,4,0,1,1,3,0,0,2,13,4,0,1,9,1,1,0,15,8,18,28,20,1,18,22,3,1,1,3,82,0,4,5,5,4,0,0,6,1,0,5,8,0,0,2,7,3,1,2,8,3,4,0,3,3,0,0,79,28,0,5,23,0,0,2,21,12,3,1,5,2,8,4,8,0,2,12,14,3,19,291
VirusShare_59054fd25e18202bad7192680b08a077,10453,1612,656,588,743,359,144,241,2184,196,247,217,1147,168,58,1214,905,251,82,41,359,774,45,25,489,48,31,42,122,22,29,29,132,25,36,34,197,255,20,22,70,21,20,103,68,27,25,21,134,19,180,583,81,17,19,21,114,65,18,221,111,64,22,29,197,1750,167,19,164,3388,21,22,187,24,82,9,122,2425,10,13,991,860,681,47,154,2701,44,44,273,20,18,38,48,306,45,40,71,18,6,18,150,35,99,16,671,52,849,96,53,11,17,16,553,185,87,141,546,470,54,56,91,45,53,33,125,555,25,36,204,564,56,2337,229,969,21,18,407,2089,189,6678,149,1230,13,30,102,72,10,8,83,408,17,9,95,41,11,10,49,23,11,10,54,112,8,29,33,27,19,9,73,24,12,9,24,30,16,12,125,10,24,10,59,13,535,94,88,49,18,18,49,92,276,22,832,971,315,302,673,11,286,579,167,157,26,6,2117,12,11,36,221,143,246,50,135,15,48,38,228,27,32,135,299,19,18,8,447,326,297,19,453,227,15,8,1464,551,189,702,886,205,13,115,902,28,18,41,869,12,19,132,1330,152,118,88,1299,241,595,5176
VirusShare_59fb0ae5091a8abd8e48c4055a52e053,13296,1627,1406,3603,1834,1087,883,1067,1461,1057,1082,1255,1542,1073,967,1229,1210,1192,1468,1249,1414,1912,5194,1170,1209,1390,1154,825,858,973,918,697,930,1154,960,978,1473,6106,2857,953,884,1306,950,781,905,942,898,965,949,926,940,883,867,877,874,846,926,957,911,831,1102,1010,873,1209,1289,1095,1025,1115,2678,1242,730,717,758,723,739,642,1064,1065,840,1005,1310,1087,1009,1065,1010,1206,1235,840,733,772,645,745,740,867,802,592,788,719,1003,766,970,1107,1035,645,840,896,1167,704,919,848,825,621,858,748,1118,999,1490,1039,602,578,700,655,781,790,1164,973,824,966,935,965,815,1245,1026,1178,873,1086,964,1282,1040,1647,1060,1152,671,744,682,788,709,717,520,693,651,634,731,820,648,693,813,727,883,723,768,767,650,593,714,678,831,579,743,946,714,649,831,756,977,760,726,629,642,513,607,566,664,590,651,682,733,590,976,834,853,1058,1253,991,936,828,784,715,707,701,691,808,722,589,1154,679,620,634,714,753,746,783,815,887,909,770,753,857,813,752,714,683,645,603,741,822,747,671,857,1069,1088,2072,2068,3204,813,899,879,902,746,900,845,881,802,701,897,862,954,1039,1314,1190,1250,1561,2517,1986,1529,5122
VirusShare_5c3b0a34b7c8070c0b6ed137f9c88250,1532,144,112,221,102,73,8,50,131,32,10,19,107,23,12,106,78,47,9,12,34,71,11,5,28,4,6,3,17,6,4,9,26,6,12,3,19,15,4,1,22,5,4,17,4,2,3,2,27,3,1,20,20,6,9,8,11,14,11,30,18,14,3,3,106,16,28,36,18,573,3,11,18,4,7,2,21,431,5,2,123,120,85,15,12,401,5,19,9,12,16,15,51,51,9,4,10,1,4,6,17,34,60,6,45,6,4,19,10,26,4,4,12,2,3,25,66,220,6,11,29,8,7,4,18,146,6,8,63,194,3,240,17,98,6,1,24,334,17,745,10,105,6,2,17,3,0,2,10,44,3,9,12,4,1,3,8,2,3,6,11,5,4,2,18,7,2,3,20,5,3,0,16,7,6,5,17,4,6,2,17,35,14,23,23,4,8,1,21,11,6,4,38,12,31,38,80,2,27,304,61,13,21,5,212,3,4,13,42,7,10,11,50,1,7,10,50,18,4,8,55,10,4,11,68,20,11,28,76,48,9,14,180,54,19,83,180,2,9,8,100,3,4,12,114,3,14,26,136,18,27,6,126,3,58,953
VirusShare_5f63290395b0e011f6341ee06087e46e,6217,1863,436,936,511,340,327,300,442,344,466,347,327,331,315,264,1146,257,166,212,270,258,234,222,296,250,420,278,289,231,204,219,333,248,263,206,316,558,205,247,381,357,352,334,312,274,282,386,428,385,437,488,470,346,387,334,419,347,283,280,271,279,291,440,436,409,393,392,469,454,373,322,422,336,366,319,339,399,331,356,424,421,327,360,340,433,363,355,340,368,413,264,327,277,239,292,324,353,438,356,464,318,280,300,432,363,435,361,440,312,340,324,394,331,435,359,473,339,297,278,427,295,355,230,334,256,285,246,278,256,213,334,244,318,234,267,432,597,495,828,292,338,222,198,254,257,230,176,213,243,201,199,197,230,228,296,283,261,223,193,338,1822,627,200,259,264,239,205,308,245,222,276,271,198,201,209,310,290,234,264,288,257,294,453,513,418,433,377,251,225,254,235,435,420,366,360,283,290,348,282,337,283,250,255,341,252,237,249,291,269,275,251,255,243,260,258,261,252,249,280,321,277,231,268,324,343,237,304,303,309,248,690,741,889,254,336,328,324,240,337,388,362,413,1777,465,386,382,334,418,360,267,300,370,586,965,1541
VirusShare_6153e67b4d53b0efc02bcf97903d24c7,7837,1022,679,1300,482,229,246,181,286,165,151,117,249,155,151,162,230,130,122,144,212,174,133,204,1306,189,190,2788,224,220,135,195,658,235,205,234,292,214,183,194,229,228,199,239,240,111,128,125,179,163,273,167,202,143,163,134,162,120,100,141,144,166,143,171,450,1667,268,207,213,269,168,128,179,95,83,118,174,188,124,118,223,151,155,154,190,216,218,159,194,190,162,218,183,162,162,148,181,138,187,175,205,185,165,166,227,145,201,107,205,127,138,127,214,131,388,187,375,253,160,100,128,106,109,125,200,143,118,105,170,190,281,287,240,203,226,163,179,310,206,468,173,163,122,94,228,110,119,89,151,127,112,110,227,131,119,174,184,184,125,114,239,135,117,117,168,95,123,111,159,156,128,97,170,134,119,133,139,111,232,116,255,158,191,167,144,127,125,127,138,130,122,118,231,180,264,230,270,166,261,211,187,156,111,98,330,126,139,133,146,167,113,128,178,125,122,145,187,356,293,370,592,2722,317,214,335,174,142,129,201,160,127,937,433,1399,121,177,238,128,140,129,189,134,240,131,253,138,238,152,183,135,105,134,219,373,474,916
VirusShare_61e55921a216afe3775810735f8fba17,3319,272,162,195,272,143,98,91,379,68,61,65,233,91,48,302,173,71,36,48,140,316,16,15,87,26,28,49,53,47,39,25,89,21,24,59,158,30,22,16,41,13,6,85,42,26,15,9,55,18,13,143,42,103,10,8,63,135,22,192,42,53,25,28,637,47,361,45,115,435,84,20,58,11,14,18,28,139,47,11,346,62,17,207,17,133,242,247,19,19,12,36,41,94,71,49,40,8,5,8,19,24,38,10,234,17,336,6,16,15,6,7,156,119,141,54,352,557,34,8,40,15,7,6,42,163,24,26,120,91,6,308,98,236,28,9,90,324,41,743,41,194,31,24,37,28,6,24,22,16,20,9,19,10,4,50,16,6,13,55,42,59,5,47,30,6,4,2,32,4,2,7,6,6,0,44,27,8,5,6,14,8,33,22,40,11,1,11,25,8,51,29,288,102,99,61,28,11,49,133,99,63,29,34,72,16,17,19,65,22,19,52,45,10,80,20,65,21,10,38,35,8,11,19,83,20,25,73,58,6,17,16,562,126,12,307,150,15,12,11,123,15,17,27,72,8,96,46,202,51,27,62,147,24,84,1389
VirusShare_64acc031f1ad429fa314aed4a850ba10,1838,132,68,151,140,235,36,31,122,49,55,252,219,242,176,300,74,30,25,160,136,148,111,113,77,54,58,109,98,180,93,63,80,42,18,40,172,61,41,30,49,29,36,115,81,77,32,41,70,30,25,104,51,74,25,12,41,38,52,162,102,114,101,64,419,35,46,66,124,272,79,73,56,396,88,124,126,185,76,182,165,459,340,430,320,370,69,53,27,15,19,34,40,55,32,29,18,17,19,21,45,16,37,9,38,22,41,7,20,15,18,11,26,9,12,8,32,64,41,13,22,19,23,29,70,47,54,32,58,241,57,87,68,96,52,110,107,251,112,671,67,131,87,106,345,109,74,69,87,22,91,32,63,46,55,33,28,35,37,39,37,97,53,50,35,21,43,20,50,34,56,39,59,25,68,62,69,58,91,57,58,52,66,43,49,35,64,30,44,38,75,46,315,149,231,65,70,244,492,579,380,388,344,153,163,87,148,81,102,233,161,76,56,102,115,85,95,78,62,44,58,43,69,27,51,21,89,82,76,51,83,37,66,58,52,36,97,31,53,14,75,109,96,98,117,66,46,66,98,48,47,50,99,26,48,228
VirusShare_697556f97abe3e8ebba1c292fe0431a0,98,6,4,68,14,9,2,2,28,0,1,1,46,1,0,3,34,0,0,2,14,3,0,0,0,1,2,1,1,0,0,0,4,1,0,2,126,0,1,2,0,1,0,64,2,2,1,1,2,1,1,63,2,2,0,0,2,1,0,0,2,3,1,0,10,0,0,0,1,2,1,0,0,3,1,0,1,0,0,1,46,48,50,46,0,0,60,46,1,4,1,1,0,61,1,1,4,2,0,0,61,0,2,2,4,1,0,0,0,0,0,0,0,0,2,0,120,1,1,2,0,0,1,0,0,0,2,1,0,3,0,66,1,1,0,0,0,2,0,186,1,70,0,0,0,0,0,0,2,1,1,2,0,0,0,0,1,2,0,0,5,0,0,0,3,2,0,1,2,1,2,0,3,1,0,0,4,0,0,0,4,1,1,1,9,1,1,1,2,0,2,0,127,1,0,62,63,10,2,1,6,2,0,2,4,8,0,0,3,0,1,0,6,11,0,1,4,1,0,0,2,20,0,2,6,0,0,1,1,61,1,1,72,10,11,20,62,0,0,13,2,1,0,0,0,1,1,2,3,1,4,5,5,16,9,136
VirusShare_6b5c4a357fa23af4e70093f735403bf3,105229,7963,2296,3815,1951,1753,1135,1043,1448,1307,1241,1110,1297,1436,1114,1193,1283,1386,994,1014,1183,1427,1065,841,999,1027,940,825,873,1096,795,829,1004,987,992,1036,1693,1540,922,917,958,1122,948,789,1165,962,795,832,955,1017,1003,917,958,917,891,849,970,1015,981,925,1259,1182,1001,1105,1419,1488,1015,1108,1317,1708,1167,752,904,1263,1444,1211,1688,6499,2457,1397,1817,1964,1267,1079,1087,1332,1367,856,1048,1127,946,887,1180,1162,1143,900,834,912,1036,889,1007,1077,854,898,804,990,1134,749,1298,1022,783,912,854,933,1225,1106,1461,1210,921,720,839,851,984,758,1311,1063,1171,916,1146,1000,1214,1253,1299,1200,1283,1064,1487,1520,1484,1764,1230,1300,1010,653,767,937,711,572,731,1044,894,682,736,885,815,696,668,755,675,582,706,785,709,594,1008,832,975,876,782,916,814,678,1010,788,688,688,743,915,708,699,899,772,1096,778,758,989,814,727,1057,834,843,944,1324,1202,1074,1023,1216,1083,1067,1302,1038,1080,1065,801,1065,1117,1085,861,1179,1355,1179,853,1397,6837,3268,1014,1089,1303,977,822,748,962,839,721,882,931,843,687,904,1118,1131,1137,3285,3688,1548,1113,1238,923,842,729,819,1040,908,873,1069,1165,1556,1098,1469,1478,1440,1369,2076,1733,1535,3157
VirusShare_6d6cac3c2d4b981d586161061d8edd6e,2830,374,185,272,438,112,111,86,474,84,79,78,297,86,56,256,235,32,31,42,94,149,25,35,74,20,25,32,69,45,20,31,90,38,17,59,219,36,23,19,23,17,11,53,28,21,11,7,61,21,13,260,35,66,35,18,98,97,24,210,47,53,27,32,126,391,31,40,149,900,134,70,80,41,24,28,57,300,49,28,250,89,25,145,44,182,167,145,47,241,15,55,34,144,117,95,28,25,8,7,40,68,61,2,104,9,219,7,10,7,2,5,47,19,57,41,433,570,80,29,26,23,6,10,63,167,37,27,328,124,12,648,113,258,15,22,164,529,150,1178,26,349,38,70,53,6,5,28,32,29,42,11,57,29,82,29,47,3,5,5,42,72,6,42,23,33,6,5,24,13,7,25,16,8,6,8,13,5,9,17,49,14,56,23,48,10,22,24,20,8,38,35,354,162,58,308,132,20,111,206,93,127,31,21,346,6,27,25,63,60,34,62,47,8,28,19,85,27,10,42,62,17,23,17,109,32,30,18,92,35,26,16,590,97,25,246,192,7,24,25,115,31,18,58,95,15,87,109,214,79,29,50,318,35,131,1529
VirusShare_6ecbe5c6a69327afed31a27d910932b0,18692,823,552,688,890,467,399,384,1401,230,241,239,844,479,186,1108,674,107,149,128,445,450,174,129,364,97,138,107,329,114,141,199,350,74,103,123,882,157,99,76,232,57,80,213,211,102,70,38,257,73,85,948,178,167,82,37,252,329,112,637,298,193,83,96,412,275,517,1394,664,1253,309,153,281,88,103,53,199,591,137,58,692,196,113,522,162,508,655,381,257,736,105,168,198,545,312,194,184,58,64,36,201,135,4229,48,309,63,617,70,219,48,69,50,235,66,204,122,1290,1602,179,108,188,75,75,45,296,438,156,260,479,283,78,2075,365,2418,81,49,287,5296,271,3605,135,2130,86,58,186,30,42,23,111,1397,51,14,84,89,64,124,180,132,127,99,164,305,71,235,143,137,56,18,143,116,188,81,115,29,83,28,117,19,64,27,103,139,125,106,1382,1229,1266,59,111,156,135,74,1139,622,366,958,648,85,359,540,321,448,216,109,657,86,150,87,241,187,267,176,129,30,139,57,376,428,115,381,272,344,111,200,609,246,243,197,430,282,248,185,2084,495,216,872,725,167,244,195,662,219,319,247,355,191,488,434,762,326,273,293,810,564,787,14386
VirusShare_6f6d808dd70c0c55ea1fc2d14a94b8a0,66469,302,99,77,183,35,33,34,125,68,40,177,103,54,43,150,89,44,37,47,66,42,34,33,58,46,41,37,56,41,33,82,66,57,39,45,553,51,56,53,67,61,57,99,59,37,67,41,91,110,56,43,79,49,48,49,62,86,43,64,57,40,51,50,119,66,51,59,229,896,73,56,86,53,52,55,113,270,67,73,86,66,65,79,111,222,90,77,86,74,87,81,95,168,86,74,64,65,58,67,88,56,481,48,66,69,68,45,66,57,62,68,84,42,64,69,118,170,78,47,77,54,57,50,92,104,74,75,208,151,47,174,217,385,54,64,150,759,107,638,104,264,71,50,109,68,56,40,87,78,49,70,64,47,47,45,67,153,51,65,57,135,35,53,84,49,71,58,77,38,64,60,59,61,41,43,105,49,38,47,96,39,60,72,115,74,80,53,64,50,68,48,133,60,62,87,135,38,150,596,97,47,63,55,93,32,58,48,108,48,46,43,89,40,57,48,90,38,57,48,108,31,49,44,101,38,60,52,98,72,44,25,146,251,56,113,136,34,54,49,105,46,52,35,64,30,39,86,71,36,34,40,56,80,160,1797
VirusShare_7370a75e25492ffc33aaa0b3f93d4470,1148,173,6,11,12,5,6,5,94,4,5,5,86,81,78,185,3,1,1,2,2,403,5,3,3,1,2,1,3,5,2,1,1,1,2,0,2,0,2,1,0,80,0,1,0,2,1,0,3,5,0,0,2,3,0,2,2,79,1,3,3,158,2,1,1121,1,1,0,1,2,79,0,0,0,2,1,2,0,2,1,2,92,485,156,5,1,2,0,77,1,1,3,6,4,0,0,0,3,8,1,1,77,8,0,472,0,158,0,2,2,0,1,3,1,4,0,4,63,77,1,0,1,0,0,3,2,1,2,0,8,316,52,2,52,0,1,1,5,0,4,0,6,1,0,1779,1,0,0,0,1,0,2,1,1,1,1,3,0,0,0,1,0,1,3,3,1,0,0,1,2,0,2,2,1,0,0,0,0,3,1,0,1,4,2,1,2,1,0,1,0,2,1,35,2,3,4,2,2,4,3,4,4,7,2,0,1,1,0,0,2,4,4,2,1,2,0,3,6,8,2,0,0,1,2,1,3,1,1,23,17,1,3,3,2,3,2,5,3,8,1,3,5,5,4,5,2,8,9,52,5,2,4,6,9,8,437
VirusShare_7920c60b87129a3eb12bc971f56353ce,3932,404,219,242,410,182,185,191,544,126,104,83,408,95,69,407,341,49,47,43,127,210,83,29,112,27,28,53,77,57,28,70,178,41,38,46,169,42,22,19,60,22,23,86,49,19,11,13,95,36,33,318,63,90,45,20,121,132,36,266,65,87,37,24,921,51,20,54,160,497,165,67,96,39,14,14,72,203,39,21,336,76,36,171,38,189,262,164,43,365,23,83,76,256,155,131,57,26,3,10,62,46,142,8,165,8,328,11,23,10,14,23,74,12,80,43,620,765,86,40,33,17,6,13,34,168,41,71,165,78,19,843,145,527,33,19,110,477,113,1487,38,352,42,52,63,32,7,7,26,51,5,10,23,13,6,8,23,25,21,11,204,121,12,68,18,29,8,4,25,14,9,20,26,25,8,11,37,13,7,15,25,36,118,44,74,37,21,16,30,38,40,23,499,235,87,395,163,32,141,285,134,136,26,30,212,28,16,23,95,49,73,29,36,31,79,29,78,27,12,81,49,25,50,39,149,27,41,8,134,132,57,23,1035,164,17,399,256,30,18,23,170,42,16,61,119,26,149,98,267,70,52,78,275,107,193,3178
VirusShare_796b102c343a7c2f1a4e7a29fa093a62,65292,405,631,1340,608,383,353,426,499,303,329,408,471,434,341,380,718,319,413,367,350,363,357,306,301,367,319,413,378,278,304,528,545,297,424,3070,734,828,595,519,377,366,354,396,312,268,283,321,354,359,329,457,355,454,372,330,347,299,435,444,307,301,303,469,407,552,322,447,428,648,383,349,293,301,265,303,308,402,262,346,405,415,393,495,391,585,425,374,319,315,296,275,288,313,313,360,348,332,552,506,545,384,377,312,270,269,330,267,304,226,294,285,530,382,525,435,471,397,324,257,451,255,339,307,335,285,329,253,577,374,367,447,304,357,284,264,375,611,368,1023,493,454,294,269,307,269,354,275,241,241,211,215,201,253,262,264,313,308,239,234,282,341,375,362,362,355,364,332,483,349,325,332,591,349,546,297,234,247,202,275,342,286,272,282,413,341,401,331,305,301,291,245,440,350,294,382,391,309,315,419,466,509,814,712,3310,1186,518,494,647,504,478,382,326,259,292,419,487,614,638,579,458,351,316,305,379,480,435,452,485,426,342,324,682,1213,298,477,398,274,242,270,290,307,269,356,481,374,337,463,1490,378,411,3171,473,490,461,1705
VirusShare_79f80e34b1857d5b0eb196152eb32699,3406,179,605,454,173,81,52,74,120,77,61,62,99,66,26,79,94,74,45,52,63,84,53,52,65,62,53,57,64,79,52,57,156,111,100,105,88,58,40,41,50,43,42,70,78,66,78,82,103,71,131,728,112,87,98,70,81,79,70,81,84,49,59,116,445,132,68,153,734,295,133,262,80,52,100,97,93,163,54,88,151,124,105,140,100,177,144,146,77,149,57,71,96,104,67,111,65,205,94,143,167,486,87,124,199,220,159,49,264,155,185,215,166,45,246,231,409,190,80,96,118,102,43,34,58,44,39,48,101,88,68,172,122,149,67,64,110,160,95,403,112,154,89,48,98,48,32,28,43,52,26,43,49,48,61,62,85,56,33,44,52,42,33,46,49,36,32,32,51,46,51,51,84,62,56,35,62,26,49,32,44,32,48,47,83,51,64,32,65,45,65,83,72,52,56,97,101,36,56,117,77,81,37,41,323,44,46,75,97,62,53,48,48,32,40,33,50,32,38,56,106,52,45,51,58,43,43,69,69,57,47,74,198,324,47,75,128,65,55,53,77,41,51,84,91,47,51,80,126,59,48,54,123,64,95,603
VirusShare_7aa246d22d07a366686af0b256e223cd,0,0,0,0,0,0,0,0,0,0,0,0,0,0,0,0,0,0,0,0,0,0,0,0,0,0,0,0,0,0,0,0,0,0,0,0,0,0,0,0,0,0,0,0,0,0,0,0,0,0,0,0,0,0,0,0,0,0,0,0,0,0,0,0,0,0,0,0,0,0,0,0,0,0,0,0,0,0,0,0,0,0,0,0,0,0,0,0,0,0,0,0,0,0,0,0,0,0,0,0,0,0,0,0,0,0,0,0,0,0,0,0,0,0,0,0,0,0,0,0,0,0,0,0,0,0,0,0,0,0,0,0,0,0,0,0,0,0,0,0,0,0,0,0,0,0,0,0,0,0,0,0,0,0,0,0,0,0,0,0,0,0,0,0,0,0,0,0,0,0,0,0,0,0,0,0,0,0,0,0,0,0,0,0,0,0,0,0,0,0,0,0,0,0,0,0,0,0,0,0,0,0,0,0,0,0,0,0,0,0,0,0,0,0,0,0,0,0,0,0,0,0,0,0,0,0,0,0,0,0,0,0,0,0,0,0,0,0,0,0,0,0,0,0,0,0,0,0,0,0,0,0,0,0,0,0
VirusShare_7cb0792b161f53fc13e02fdeda4e4c00,3857,426,238,293,358,207,189,244,545,125,108,81,387,111,71,456,313,39,36,60,158,194,77,30,163,44,29,55,87,55,36,56,120,25,35,25,225,50,33,29,48,20,25,112,45,29,22,62,103,53,20,332,82,112,46,34,136,183,59,286,108,83,34,37,478,240,26,57,183,501,181,76,100,41,18,21,83,194,46,21,425,76,34,206,70,221,285,164,67,429,18,87,65,260,159,118,86,44,11,26,96,44,124,4,150,13,352,37,114,73,13,27,90,14,82,56,741,781,136,66,46,80,46,27,59,168,56,76,186,80,28,905,170,708,33,20,151,554,144,1635,38,410,33,27,32,14,7,14,24,51,7,5,15,41,1,14,32,37,4,7,23,70,8,78,57,23,7,9,39,13,10,24,30,12,6,10,198,32,8,15,24,64,125,60,67,27,23,321,38,96,47,18,567,198,62,410,157,41,172,292,179,154,25,44,237,19,21,23,87,70,80,36,32,15,70,28,116,21,25,65,57,24,23,9,118,34,29,12,128,129,46,19,1026,129,22,320,228,6,24,26,170,52,17,45,111,22,126,131,298,86,42,117,268,96,515,3716
VirusShare_81ff324d2023d8ecb98a127b87d51450,15462,572,394,448,804,310,285,280,623,179,212,162,369,181,178,373,414,164,154,131,265,208,137,122,193,112,133,101,182,137,116,108,247,110,121,131,634,227,130,125,145,159,122,178,157,161,107,92,375,183,335,465,126,112,113,111,166,134,114,255,176,189,116,116,1365,1086,140,272,394,1025,250,176,168,155,157,235,204,203,163,125,481,185,226,422,171,742,369,234,233,443,239,349,139,347,287,229,193,228,101,148,434,205,464,154,448,200,249,110,192,153,165,187,245,176,367,355,769,459,139,171,151,149,98,104,185,233,149,190,442,252,142,689,341,597,363,222,266,1025,196,3052,251,808,114,133,283,179,130,145,208,152,180,159,201,189,144,175,206,134,115,92,195,279,125,215,175,149,142,159,171,109,166,147,189,204,129,109,217,146,145,158,236,169,131,159,351,305,316,187,160,109,118,125,904,185,280,849,338,161,415,264,193,203,120,165,149,110,184,115,222,143,264,197,157,132,173,189,329,166,156,247,190,128,126,129,204,140,153,178,211,173,160,126,1653,404,138,548,375,158,138,112,371,128,202,163,275,105,210,177,444,204,184,239,556,196,298,4460
VirusShare_8425f28f96c15c6cdc7a33e7065f0230,3343,161,117,276,149,456,73,84,156,99,79,94,76,215,45,243,89,69,79,138,125,178,51,220,182,158,156,191,177,260,22,17,55,81,65,101,195,124,127,124,99,119,123,214,117,158,109,111,52,68,82,352,102,149,188,65,93,80,62,142,89,120,88,94,1162,279,84,105,88,585,74,58,85,55,114,111,128,320,67,81,109,54,51,125,152,277,156,152,170,189,119,85,107,126,69,63,53,22,26,29,57,39,84,87,116,100,104,76,93,77,28,54,78,46,47,48,86,99,53,52,57,52,77,37,74,74,52,97,156,564,121,239,155,156,66,97,122,397,140,778,144,176,61,52,71,34,66,40,90,108,96,101,166,144,130,92,56,50,61,33,52,100,30,73,62,58,35,28,74,24,27,18,46,12,14,33,47,5,770,257,46,18,23,33,78,45,23,27,64,15,25,45,141,341,305,293,312,222,286,668,106,53,195,237,274,377,461,435,477,251,293,283,138,78,104,102,129,130,171,148,175,132,143,150,144,63,92,89,207,90,106,96,185,101,65,82,176,39,60,59,161,58,78,88,204,65,93,190,176,40,47,76,211,77,89,533
VirusShare_8639193b72fc66ed57ab6ba3cc5291c0,1366,167,85,200,60,48,6,18,150,25,12,20,132,13,7,107,117,13,7,7,45,28,16,6,30,12,6,9,18,14,18,10,34,13,19,11,25,11,9,12,31,5,4,12,16,5,7,2,17,12,8,17,12,6,6,7,17,19,7,31,19,14,6,5,30,10,42,4,19,894,6,4,14,3,14,4,10,122,3,7,154,54,80,21,11,529,18,16,18,9,10,5,6,49,11,2,12,5,1,4,17,65,52,2,41,3,3,8,3,23,14,1,7,6,6,20,66,233,10,4,94,46,4,54,9,161,5,5,52,192,3,285,13,101,10,6,20,375,15,818,12,64,10,5,14,9,11,3,11,45,5,3,16,5,10,4,13,9,13,2,42,23,4,6,14,9,8,6,18,4,26,0,12,10,18,8,30,17,6,2,29,17,22,25,25,6,17,1,38,22,10,2,50,22,25,37,90,8,11,298,47,5,4,25,161,11,8,1,84,9,5,2,58,4,5,2,59,3,5,22,57,4,5,3,66,7,17,13,73,62,3,14,189,53,23,87,186,3,6,14,104,5,1,16,126,2,7,13,156,12,26,13,162,12,47,739
VirusShare_8dbddd360de3a7aae112686a777c7656,10657,1195,853,525,1414,533,391,368,1841,253,208,277,1237,322,189,2466,873,115,156,130,436,417,384,102,410,151,89,140,213,96,99,119,442,115,91,111,521,279,92,89,162,79,74,527,169,81,52,52,273,68,82,1165,191,156,75,60,246,315,91,519,220,128,91,69,728,1128,1775,95,264,2422,387,214,231,150,112,77,118,1176,159,102,1450,377,102,412,107,900,682,472,161,1030,67,188,56,717,449,299,127,57,23,46,133,169,550,28,531,17,1218,54,64,46,48,93,161,51,258,131,1760,2102,208,135,159,61,24,62,155,401,283,207,403,425,202,2080,453,2371,99,117,333,1914,251,4699,95,1926,70,132,133,38,27,68,78,113,29,19,80,31,27,21,62,57,24,364,80,278,27,203,73,66,23,18,115,33,29,44,72,23,17,38,95,28,36,35,105,90,767,172,202,91,80,54,70,76,134,51,1735,579,415,1113,447,82,414,466,407,986,69,66,354,133,117,117,598,573,148,85,161,31,95,49,236,69,43,178,183,34,40,51,327,143,59,79,404,220,85,73,3081,414,69,985,1042,53,83,105,798,137,78,122,389,81,556,334,1046,209,161,176,928,290,576,9854
VirusShare_8fccfd01aaad31b8081228a376f6cf51,4314,1880,1454,1429,1285,985,416,380,598,231,205,178,385,183,157,406,524,190,161,113,238,232,111,94,203,92,85,96,201,81,89,113,465,167,120,127,220,129,75,61,142,87,81,185,106,66,59,60,434,212,188,434,206,196,161,152,220,224,134,305,208,154,119,128,577,362,126,158,170,566,149,99,152,70,46,62,109,211,76,64,428,185,106,190,129,163,220,197,125,149,51,110,105,119,109,132,318,176,112,102,167,168,151,76,271,117,291,65,150,89,76,101,278,160,181,148,452,408,102,102,113,66,50,52,93,149,82,80,532,310,132,493,183,612,60,48,165,593,97,941,86,384,38,47,193,109,71,60,97,71,41,30,77,53,38,38,72,38,38,36,270,159,111,87,68,51,44,32,83,45,90,42,74,41,39,61,167,95,47,49,104,84,75,70,189,62,40,40,79,49,76,67,513,296,143,192,140,65,177,171,152,167,47,55,100,38,45,46,181,109,153,57,104,33,55,38,141,37,37,64,114,37,28,33,350,152,76,55,174,49,41,39,737,143,34,197,194,42,34,38,290,206,58,80,127,49,99,248,279,74,117,202,210,59,185,1726
VirusShare_9146b51107a0a9b774a23ac985960515,1215,79,41,136,48,35,8,7,126,21,28,11,101,7,10,78,82,15,9,6,38,15,39,16,22,7,37,2,17,14,4,8,25,55,9,5,13,14,3,4,20,2,2,8,3,3,1,1,15,3,2,11,11,2,0,4,11,5,2,20,12,4,4,3,60,38,23,5,10,558,2,3,37,4,19,0,8,327,1,0,54,84,70,2,6,323,1,2,5,1,6,1,12,71,3,1,17,2,3,17,9,20,51,4,44,4,1,19,5,28,1,0,8,3,3,14,116,178,31,2,22,6,3,2,17,111,5,17,55,160,1,216,28,37,6,1,19,269,16,650,13,88,3,1,13,3,2,0,12,31,2,4,24,2,1,1,12,2,5,4,10,3,0,6,15,1,0,1,6,4,2,0,7,4,5,2,14,3,28,1,14,5,12,22,15,16,6,3,18,22,4,4,31,12,14,34,70,0,5,222,39,2,16,1,85,2,11,2,50,8,9,2,37,1,21,2,55,0,12,20,69,4,6,4,70,19,14,17,78,37,7,3,185,46,12,78,145,2,15,2,105,2,17,4,86,13,14,8,107,17,17,1,104,17,25,572
