FileName,Machine,DebugSize,DebugRVA,MajorImageVersion,MajorOSVersion,ExportRVA,ExportSize,IatVRA,MajorLinkerVersion,MinorLinkerVersion,NumberOfSections,SizeOfStackReserve,DllCharacteristics,ResourceSize,BitcoinAddresses,Benign
VirusShare_0a140c5f828e3581e25f471bf7ee54fa,332,0,0,6,4,0,0,28672,6,0,5,1048576,32768,3120,0,0
VirusShare_0a29134064c19d23dc603947eb8e44a7,332,0,0,6,4,0,0,28672,6,0,5,1048576,32768,3144,0,0
VirusShare_0a332da03e16fc6c19b5b4597a223cc0,332,0,0,0,4,0,0,16384,8,0,4,1048576,0,58904,0,0
VirusShare_0a398a5ce48bfea366e0ed7ce8df5aa0,332,0,0,0,4,0,0,8192,8,0,3,1048576,34112,1024,0,0
VirusShare_0a4158f22b7fcd9e6f7f310a54ae5730,332,0,0,0,4,0,0,0,2,25,6,0,1,2560,0,0
VirusShare_0a451693b2cc0ba572469bb8d4905970,332,56,119280,0,5,0,0,118784,11,0,5,1048576,33088,620472,0,0
VirusShare_0a468c18e38a5cf9a0eac8360941c07e,332,0,0,0,5,0,0,4096,9,0,3,1048576,32768,43176,0,0
VirusShare_0a493b94f1458ff7d2f151d46abcc64d,332,0,0,0,4,17344,68,4096,8,0,4,1048576,0,928,0,0
VirusShare_0a493f9196f1cbe294873f52c1983447,332,28,74176,0,5,0,0,73728,10,0,4,1048576,32768,16792,0,0
VirusShare_0a5014c590576039cccc3f2afc997c43,332,0,0,1,4,0,0,0,2,4,7,2097152,0,227840,0,0
VirusShare_0a5916725f414419e336fe94ee5b1ad0,332,0,0,0,5,0,0,200704,9,0,8,1048576,32768,24712,0,0
VirusShare_0a617c203e1f1b0acf18ed2ff8d84840,332,0,0,0,5,0,0,28672,9,0,5,1048576,32768,125356,0,0
VirusShare_0a641e90a2ed5795c491cc19ee383830,332,0,0,1,4,0,0,4096,6,0,3,1048576,0,1520,0,0
VirusShare_0a6526c166f23456f2f4305f5d7bbfc9,332,0,0,6,4,0,0,28672,6,0,5,1048576,32768,3152,0,0
VirusShare_0a6721cf98bb437b1ed8f4b67c517aeb,332,0,0,6,4,0,0,28672,6,0,5,1048576,32768,3152,0,0
VirusShare_0a68ae9a46bfb18804997280ac38b6a0,332,28,4256,6,6,0,0,4096,8,0,4,262144,33088,1000,0,0
VirusShare_0a693d5dab7b5191e69661a328e441c9,332,0,0,0,4,0,0,0,2,0,12,1048576,0,33148,0,0
VirusShare_0a7095cef79e776f7ed9dc1abc155a7e,332,0,0,0,4,172032,183,0,2,25,7,0,1,4096,0,0
VirusShare_0a716d5678b55c1b2e9c5e86d101de61,332,56,119280,0,5,0,0,118784,11,0,5,1048576,33088,620472,0,0
VirusShare_0a72ceccacb5b4afadcc699944116c0c,332,56,53712,0,6,71536,292,53248,11,0,5,1048576,320,1280,0,0
VirusShare_0a74be110e840845a12a52f8ee9d8d61,332,0,0,0,4,14544,68,4096,0,0,4,1048576,0,54784,0,0
VirusShare_0a76c5eaaf2be7c9dd9ba1d45e2e92fa,332,0,0,0,5,0,0,32768,9,0,3,1048576,32768,45920,0,0
VirusShare_0a798183be5424a9bbc318c8d9ff453f,332,0,0,0,4,0,0,8520,6,0,2,1048576,0,0,0,0
VirusShare_0a81a4a594bb8fd51f4fc8c6464f948e,332,0,0,1,5,53248,261,32768,11,0,11,1048576,0,2544,0,0
VirusShare_0a820d851271a391ccdfff47790a4ed2,332,0,0,6,4,0,0,28672,6,0,5,1048576,32768,3144,0,0
VirusShare_0a8319008f19e2f38e44cbd7d2c84f5e,332,0,0,0,5,0,0,4096,9,0,3,1048576,32768,4728,0,0
VirusShare_0a831e91534fc143d9072b77e77fe250,332,28,81920,0,4,105808,358,74536,11,0,7,1048576,0,79420,0,0
VirusShare_0a8487a0c265928e3c64ea336e34b6da,332,0,0,0,4,0,0,49152,6,0,5,1048576,0,45832,0,0
VirusShare_0a85ea7926dbb0ea07c702d6894ca1d0,332,0,0,0,4,0,0,0,5,12,3,1048576,0,172,0,0
VirusShare_0a92aa568b137b988d80829cb21c6901,332,56,119280,0,5,0,0,118784,11,0,5,1048576,33088,620472,0,0
VirusShare_0a936600e29c2d1eddd8db5f6ea1ab58,332,0,0,1,4,0,0,0,6,0,10,1048576,0,2172,0,0
VirusShare_0a94b754ff74d08b1e8c8ef80483c4a0,332,28,40960,0,5,32768,6125,45056,13,0,13,1048576,0,126740,0,0
VirusShare_0a984388f755cedbef29773a1cf9a233,332,0,0,0,4,0,0,12288,5,12,4,1048576,0,992,0,0
VirusShare_0a988624b18bde26060b62506d3efce3,332,0,0,0,4,0,0,0,2,25,3,1048576,0,13324,0,0
VirusShare_0a98f14461d3a483820e833c1b04b480,332,0,0,0,4,0,0,20480,6,0,4,1048576,0,0,0,0
VirusShare_0a998990094c90557ea75d6c3f6f8424,332,0,0,0,5,0,0,0,35,43,3,1048576,0,0,0,0
VirusShare_0aa34c3277c4325ed6adeb5412abf891,332,0,0,0,5,0,0,4096,9,0,3,1048576,32768,4728,1,0
VirusShare_0aa4c71bbba5725c2ed81bc37e1e8c50,332,0,0,0,5,0,0,0,10,0,3,1048576,33088,48708,0,0
VirusShare_0aa65712be409e06b01a2614821b7b40,332,0,0,0,4,0,0,0,0,252,4,1048576,0,49645,0,0
VirusShare_0aab3095414c4c0d83a4e3d8f9986cd3,332,0,0,0,4,0,0,0,6,0,4,1048576,0,1094016,0,0
VirusShare_0aab9316f970f19c9aa26bb025c2f8d0,332,0,0,6,4,0,0,28672,6,0,6,1048576,32768,18456,0,0
VirusShare_0aac3f99ed488b5da3e4231b329292f0,332,28,12544,0,4,0,0,12288,8,0,4,1048576,0,428,0,0
VirusShare_0aae65ff2c76b3c93eeea986e2ad8237,332,0,0,0,4,96240,50,81920,8,0,5,32000,0,39788,0,0
VirusShare_0ab001b2d5c8941f231acc37e2b39094,332,0,0,0,4,0,0,8520,6,0,2,1048576,0,0,0,0
VirusShare_0ab01319837f501afde3f2d1c1c64b73,332,0,0,5,5,397408,144,344064,11,0,5,1048576,64,16,0,0
VirusShare_0ab041d8df166e3c8780a2a93de51d4e,332,28,90112,0,4,0,0,8192,8,0,4,1048576,34112,2720,0,0
VirusShare_0ab09d5967a485818d5cc9a83c76b478,332,0,0,0,5,0,0,4096,9,0,3,1048576,32768,4728,0,0
VirusShare_0ab20e599b5d000134e809e1aeb44149,332,0,0,0,5,0,0,204800,9,0,6,1048576,0,3840,0,0
VirusShare_0ab68c6dc53f968b6d8d2327542ff85a,332,56,119280,0,5,0,0,118784,11,0,5,1048576,33088,620472,0,0
VirusShare_0abd2200504a694a80b1bb9a3dcdb8d2,332,0,0,1,4,0,0,4096,6,0,3,1048576,0,23504,0,0
VirusShare_0abdbceac20740730f1303619f77fbbc,332,56,119280,0,5,0,0,118784,11,0,5,1048576,33088,620472,0,0
VirusShare_0abe4549bcdb985316e553683d813290,332,0,0,12,4,0,0,0,6,0,5,1048576,0,202344,0,0
VirusShare_0ac22382c026daab487fc732467536e0,332,0,0,8,9,212992,130,0,7,0,12,0,0,37140,0,0
VirusShare_0ac34473303416fdb873bbe5638e75f0,332,28,6736,0,4,0,0,4096,6,0,3,1048576,0,11480,0,0
VirusShare_0ac3e207f1aeb4c9187080edfcebcd20,332,28,374912,0,5,0,0,372736,9,0,6,1048576,33088,401356,0,0
VirusShare_0ac800e2a429a3786f646ea164877775,332,0,0,0,4,0,0,0,0,252,4,1048576,0,50753,0,0
VirusShare_0ac8766013a1dbcaea8deb11c315eb8b,332,0,0,0,4,0,0,20480,6,0,4,1048576,0,68296,1,0
VirusShare_0ac90ad4ffa9236f4e4b8feb619eb0c0,332,0,0,0,5,0,0,12288,9,0,6,1048576,32768,864,0,0
VirusShare_0ac9c6feed95426d6d3ec9cae396baed,332,0,0,0,4,0,0,12288,5,12,4,1048576,0,1108,0,0
VirusShare_0acae447ae4c1159d4d19dd680971ddb,332,56,119280,0,5,0,0,118784,11,0,5,1048576,33088,620472,0,0
VirusShare_0ad10aab7dcc106f825596772f9762b2,332,0,0,6,4,0,0,700476,6,0,3,1048576,0,3160,0,0
VirusShare_0ad18cefe273e89ce1eaec970221f89a,332,0,0,0,4,0,0,8520,6,0,2,1048576,0,0,0,0
VirusShare_0ad478e88c4d8986df559b7cb86f5f9d,332,0,0,1,4,0,0,0,2,2,7,2097152,0,44544,0,0
VirusShare_0ad56062037cfa1432b02bf59ed10b90,332,0,0,0,5,0,0,32768,9,0,11,1048576,32768,568,0,0
VirusShare_0ad58819b2d2d120ee01bd79f02f862d,332,0,0,7,8,382080,100,0,9,0,3,0,0,840,0,0
VirusShare_0ad64b3340a7c5ff5bc4e6ae00e71078,332,0,0,0,4,0,0,8520,6,0,2,1048576,0,0,0,0
VirusShare_0ad69e260c82f167e67e23b079473a90,332,0,0,1,4,0,0,4096,6,0,3,1048576,0,23504,0,0
VirusShare_0ad916274599159d5a810dbda59b540b,332,0,0,0,4,0,0,8520,6,0,2,1048576,0,0,0,0
VirusShare_0adaf12978c8ae37112ca4e76596b561,332,0,0,0,4,0,0,90112,7,10,3,1048576,0,0,0,0
VirusShare_0adf32dec0612b82721234d49280a6fb,332,0,0,0,5,2152160,113501,0,9,0,5,1048576,32768,652803,0,0
VirusShare_0adf953605c610880f4095b3b33ea2d9,332,0,0,0,4,0,0,12288,5,12,4,1048576,0,1108,0,0
VirusShare_0ae197947debd4b3b51b3570b6d09ab0,332,0,0,0,5,0,0,65536,9,0,3,1048576,32768,48512,0,0
VirusShare_0ae2c4522b81fc0e988ddbc3813774a5,332,0,0,0,5,0,0,12288,9,0,4,1048576,0,0,0,0
VirusShare_0ae35285e1183bd3ce6fd480395cc630,332,0,0,0,4,0,0,0,5,0,9,1048576,0,4096,0,0
VirusShare_0ae5f51450f95e1300df42129302103f,332,0,0,0,4,0,0,8520,6,0,2,1048576,0,0,0,0
VirusShare_0ae617ea551a56b5ab5886d4fcb64e80,332,0,0,0,4,0,0,209324,2,50,14,1048576,0,49852,0,0
VirusShare_0ae6e4b32fc30364cf79e4073481f650,332,1,0,0,1,0,131072,147456,164,1,4,1048576,0,7937,0,0
VirusShare_0ae7218fd63b157e97033a072884d757,332,0,0,0,4,0,0,32768,7,0,4,1048576,0,175380,0,0
VirusShare_0aea809da938c9d6becc272c8cc28981,332,0,0,0,5,0,0,28672,10,0,6,1048576,32768,824,1,0
VirusShare_0aeb666d497f65c356d7f13c765ad338,332,0,0,0,4,16800,68,16384,32,1,5,1048576,0,54784,0,0
VirusShare_0aec6d7d02890997df4cfbc6c093ed80,332,0,0,1,4,0,0,4096,6,0,3,1048576,0,23504,0,0
VirusShare_0aef2149ae72310dbf32309d4537dc30,332,0,0,6,4,0,0,28672,6,0,5,1048576,32768,3144,0,0
VirusShare_0aef3e8d25d2718672c94b51454fa2fa,332,0,0,0,4,0,0,12288,5,12,4,1048576,0,174896,0,0
VirusShare_0af16409a1444eea6568533b7681bb0b,332,0,0,0,4,0,0,28308,8,0,3,1048576,1024,3052,0,0
VirusShare_0af3c90972ec81b7376f0f6eb994d64f,332,0,0,0,4,0,0,270628,2,50,5,1048576,0,6004,0,0
VirusShare_0af59df5e083244132a3f3c7174ad4b2,332,0,0,0,4,0,0,8520,6,0,2,1048576,0,0,0,0
VirusShare_0af6e6314881c9bf45feeb551eea45f3,332,0,0,0,5,0,0,176128,9,0,6,1048576,0,0,0,0
VirusShare_0afc35859a5ee1fb4210bd1af0a9f99a,332,0,0,1,4,0,0,4096,6,0,3,1048576,0,51432,0,0
VirusShare_0afc50089be4fd8dc3f870d79bdaf43e,332,0,0,0,4,0,0,8520,6,0,2,1048576,0,0,0,0
VirusShare_0b01e5ef9ac4d9fe8c3a41df663a856d,332,0,0,0,4,184320,223,0,11,4,8,4194304,0,23864,0,0
VirusShare_0b02c74c836269affb8dfb8589a97d10,332,0,0,0,5,0,0,0,10,0,3,1048576,33088,10572,0,0
VirusShare_0b042705d5032077eae0a43a1ff39052,332,28,24576,0,4,24944,337,590244,8,0,6,1048576,0,134832,0,0
VirusShare_0b04e4d2bb577825f30636125a2c7b7e,332,0,0,1,4,0,0,4096,6,0,3,1048576,0,1520,0,0
VirusShare_0b05b40ca14e32b8e4944bdd193716d3,332,0,0,0,5,0,0,16384,9,0,13,1048576,0,3112,0,0
VirusShare_0b05d3bb1da77f11c7f5be5a115652f0,332,0,0,0,4,342992,361,192512,2,25,7,1048576,32832,0,0,0
VirusShare_0b065f9063897e4ee70ad5931d5c4dd0,332,0,0,0,5,0,0,4096,9,0,3,1048576,32768,48512,0,0
VirusShare_0b0922ac18b7f099db295ce6ffeb4975,332,0,0,0,4,0,0,0,0,57,2,0,1,174,0,0
VirusShare_0b0b01cd6422dc8c08e3a86c20f83238,332,0,0,0,5,0,0,0,9,0,4,1048576,33088,19280,0,0
VirusShare_0b0baa8e5a264412b653688403dd64f0,332,0,0,0,4,0,0,270664,2,50,5,1048576,0,2012,0,0
VirusShare_0b0e526ab6ec89ad326be388a44d0504,332,0,0,1,4,0,0,4096,6,0,3,1048576,0,1140080,0,0
VirusShare_0b1067a62233e1cee6f69f4252eee84d,332,0,0,0,5,61440,261,32768,11,0,9,1048576,0,2544,0,0
VirusShare_0b10e38a251c45f54ddeb750f5efcac9,332,0,0,1,4,0,0,4096,6,0,3,1048576,0,1520,0,0
VirusShare_0b10f34c4492de8cf6a3be97dcb4ada0,332,0,0,0,4,0,0,8192,8,0,3,1048576,0,1136,0,0
VirusShare_0b1128fa2d572d8e9696aad97c5d5062,332,0,0,0,4,0,0,8192,6,0,3,1048576,0,6108,0,0
VirusShare_0b1189de6b36eb9b1b9748b1ee70c620,332,0,0,0,5,0,0,28672,10,0,4,1048576,32768,23304,0,0
VirusShare_0b13d9844d6b76adf1b528c73b56754f,332,0,0,0,4,18160,77,16384,6,0,5,1048576,0,0,0,0
VirusShare_0b16d47bf27428fdd9f7181306337487,332,0,0,1,4,256,0,0,6,0,5,1048576,0,443256,0,0
VirusShare_0b19d143d72200959250ef3e041cbbc0,332,0,0,6,4,0,0,28672,6,0,5,1048576,32768,3144,0,0
VirusShare_0b1c34868e664bd0cb2aeb096833b88d,332,0,0,6,4,0,0,28672,6,0,5,1048576,32768,3144,0,0
VirusShare_0b1c8d839a3b1a5c32f7f23f1ead2a79,332,0,0,0,4,16704,71,4096,7,10,5,1048576,0,58888,0,0
VirusShare_0b1f6d6940a94de1b61043d28b975cd6,332,0,0,0,4,0,0,0,2,25,8,1048576,0,46084,0,0
VirusShare_0b1faf7a0f21c25a5627e7be22566e82,332,0,0,7,7,0,0,0,6,0,3,1048576,0,1716,0,0
VirusShare_0b21d2e272ffbbe95b747aa7c0c96659,332,0,0,0,4,0,0,8520,6,0,2,1048576,0,0,0,0
VirusShare_0b22c54538c81b70de6fec49c2a0898a,332,0,0,1,4,0,0,4096,6,0,3,1048576,0,1520,0,0
VirusShare_0b22ed62c0b8e0d34e4e21006c662a76,332,0,0,0,4,0,0,24576,6,0,4,1048576,0,56700,1,0
VirusShare_0b25b38830cfb97d6e696bffc310c9b3,332,0,0,0,4,0,0,373484,2,50,4,1048576,0,7304,0,0
VirusShare_0b2772ce4d5d106b06876df2b4389b7b,332,0,0,0,4,0,0,0,11,0,6,1048576,33088,9584,0,0
VirusShare_0b28ceee1e738c5ac645053e1bbdd4a7,332,0,0,0,4,524401,165,503808,8,0,5,1048576,0,8760,0,0
VirusShare_0b29787b41ece6d1386c61c80253e372,332,0,0,0,4,0,0,282072,2,50,10,1048576,0,20568,0,0
VirusShare_0b2cf5ad2ee845f688004120926b9ae0,332,0,0,170,4,0,0,4096,6,0,4,1048576,0,2604,0,0
VirusShare_0b30eab2b989c9c0de4ce4bab6352f92,332,0,0,0,4,16800,68,16384,32,1,5,1048576,0,54784,0,0
VirusShare_0b32c3e3bf18cbc418ec8f43dcea75b0,332,0,0,0,5,0,0,0,10,0,3,1048576,33088,32424,0,0
VirusShare_0b334b6923ad36dc60965f61b6e696c0,332,0,0,0,5,0,0,4096,9,0,6,1048576,0,2096,0,0
VirusShare_0b3405e75a6774ebe53bc2a210422306,332,0,0,0,4,0,0,8520,6,0,2,1048576,0,0,0,0
VirusShare_0b34f528cbbb780192d043b1127756ae,332,0,0,2,4,0,0,4096,6,0,3,1048576,0,305796,0,0
VirusShare_0b34ff052eac077c6464eb112e4ad0ab,332,0,0,0,4,0,0,32768,7,0,4,1048576,0,173536,0,0
VirusShare_0b358c94ae1515510412a4a79ce39a10,332,0,0,0,4,20080,84,16384,7,10,4,1048576,0,0,0,0
VirusShare_0b35998650290f174b6cfb71bfff6e95,332,0,0,0,4,0,0,8520,6,0,2,1048576,0,0,0,0
VirusShare_0b35e10917f4ba647661f7f27b24ebb0,332,0,0,0,4,0,0,0,0,57,2,0,1,174,0,0
VirusShare_0b370c2c9b2f33c325567ade069fdb5c,332,0,0,0,5,0,0,4096,9,0,3,1048576,32768,2640,0,0
VirusShare_0b39b5316e51263ac0d2e42b53c87b67,332,0,0,0,5,0,0,282624,9,0,4,1048576,32768,25040,0,0
VirusShare_0b3b5b5a4b6a7ef536bb9ee998b217d0,332,0,0,1,4,0,0,4096,6,0,3,1048576,0,1520,0,0
VirusShare_0b3d56ddef49426f55d409c0f0906cb5,332,0,0,0,4,0,0,175840,2,50,6,1048576,0,2364,0,0
VirusShare_0b40e34dea8c34fbb75896ac4c1c42e4,332,0,0,6,4,0,0,28672,6,0,5,1048576,32768,3144,0,0
VirusShare_0b41924a04628c8655f389b8a2349f60,332,0,0,0,5,0,0,0,9,0,5,1048576,33088,19280,0,0
VirusShare_0b42063be590bedc7b78e615a5e9a34b,332,0,0,6,4,0,0,28672,6,0,5,1048576,32768,3144,0,0
VirusShare_0b424dba37f8ddca921bba48553c45a4,332,0,0,0,4,0,0,0,5,0,6,1048576,0,223532,0,0
VirusShare_0b42b7bd76b2c4d1339f8e9c3b20e2bb,332,0,0,6,4,0,0,28672,6,0,5,1048576,32768,3120,0,0
VirusShare_0b42d3a65478122aa455345588a41c10,332,0,0,0,5,0,0,4096,9,0,10,1048576,33792,10904,0,0
VirusShare_0b4512f26559e88694668b4be0f21d8c,332,0,0,0,5,0,0,4096,9,0,4,1048576,0,3680,0,0
VirusShare_0b46d30c2693ab0355ac5b490350f36f,332,0,0,0,5,0,0,36864,9,0,5,1048576,32768,224,0,0
VirusShare_0b4717924a543515a44c15046edfd8d5,332,0,0,0,5,0,0,4096,9,0,3,1048576,32768,4728,0,0
VirusShare_0b49ddd6a619da3bc14c289497ab859d,332,0,0,0,4,0,0,98304,6,0,4,1048576,0,19584,0,0
VirusShare_0b4a0f6014170226c35b1947fcd67869,332,0,0,0,5,0,0,24576,10,0,5,1048576,32832,26612,0,0
VirusShare_0b4babc166b1436a550e07c7d993a7b7,332,0,0,0,4,0,0,29412,2,50,5,1048576,0,2396,0,0
VirusShare_0b52bc21d0a11b296800fcb47a346f10,332,0,0,1,4,0,0,4096,6,0,3,1048576,0,23504,0,0
VirusShare_0b55116f41770b46fbdcaebb1ce71035,332,0,0,0,4,0,0,90112,7,10,6,1048576,0,16,1,0
VirusShare_0b55d30977381fc3ce7aa933bc72e24a,332,0,0,0,4,0,0,304156,2,50,5,1048576,0,106248,1,0
VirusShare_0b563ac8ad97c989bf0830e9d18c6e16,332,0,0,0,5,0,0,8192,9,0,6,1048576,1024,2640,0,0
VirusShare_0b5640e1e927cfea6789bb7ef0dfcb30,332,0,0,0,4,0,0,281260,2,50,4,1048576,0,7132,0,0
VirusShare_0b5a884b7e1df68a69d903f5fc66374f,332,0,0,0,4,0,0,0,2,25,10,1048576,0,2983936,0,0
VirusShare_0b5c9b67c81290647a800f6a00f29891,332,0,0,0,5,0,0,8192,9,0,10,1048576,1024,3680,0,0
VirusShare_0b619b5e89f2d912623ebf3bcc703f92,332,0,0,0,5,0,0,16384,10,0,4,1048576,33088,19708,0,0
VirusShare_0b6326745e516532f8e59e730972ddf5,332,0,0,0,5,0,0,8192,9,0,5,1048576,0,43448,0,0
VirusShare_0b63ecc4d1e97e881d6c7f2336218021,332,0,0,0,4,0,0,0,0,252,4,1048576,0,50753,0,0
VirusShare_0b647af1000e44b5e7df9f12965ef075,332,0,0,0,5,0,0,16384,9,0,4,1048576,0,0,0,0
VirusShare_0b654afd0fc21a73402764559ea37216,332,0,0,0,5,0,0,4096,9,0,3,1048576,32768,4728,0,0
VirusShare_0b6812de6a6f9209f56ad67a45647d80,332,0,0,0,4,0,0,223380,2,50,5,1048576,0,576,0,0
VirusShare_0b68e428c829cfacf70ec74b1c75f120,332,0,0,1,4,0,0,4096,6,0,3,1048576,0,23504,0,0
VirusShare_0b69eeab38b6a00ae262cc3b52cbedbb,332,0,0,0,4,0,0,278964,2,50,9,1048576,0,0,0,0
VirusShare_0b6a0fe4aef0d2905b091102807a42ca,332,28,41664,0,4,0,0,40960,7,10,5,1048576,0,25160,0,0
VirusShare_0b6a667eeb755ae61e3b01d6dc9cd812,332,0,0,0,4,0,0,98304,5,12,5,1048576,0,4208,0,0
VirusShare_0b6dfe55374313977ac33876011506e0,332,28,4624,0,4,54336,4238,136184,8,0,6,1048576,64,2362,0,0
VirusShare_0b6fa82d31b88c7f6e24a32e431ff89e,332,0,0,0,4,0,0,223380,2,50,5,1048576,0,576,0,0
VirusShare_0b6ff0b81d7d9576a4b1876d6854cad5,332,0,0,0,4,0,0,8192,7,10,4,1048576,0,5000,0,0
VirusShare_0b707825ce500072702c0220fcd3bc7c,332,0,0,5,8,390368,128,0,6,0,3,0,0,1048,0,0
VirusShare_0b710ef11df30e253950c36bb72694a0,332,0,0,0,4,0,0,354236,2,50,6,1048576,0,7132,0,0
VirusShare_0b7194365c61f6425a43c073daf6859d,332,56,119280,0,5,0,0,118784,11,0,5,1048576,33088,620472,0,0
VirusShare_0b73627a219ef6a8a09e2d19b2311970,332,28,4656,0,4,40688,4223,155236,8,0,5,1048576,0,0,0,0
VirusShare_0b737e01979565e3874b1bbc2f10e812,332,0,0,0,5,0,0,4096,9,0,3,1048576,32768,4728,0,0
VirusShare_0b73f3b5e9cd941b0375598fa4d793c4,332,0,0,0,4,0,0,266240,8,0,4,1048576,0,39616,0,0
VirusShare_0b7446b267a50db5a6515fe2876d22b0,332,0,0,0,5,0,0,8192,9,0,3,1048576,32768,1680,0,0
VirusShare_0b7479b2af68e8c4cecb249e7184e513,332,0,0,0,4,0,0,8192,6,0,3,1048576,0,14840,0,0
VirusShare_0b7817e24e14f485f9cacb4c394c8c19,332,56,119280,0,5,0,0,118784,11,0,5,1048576,33088,620472,0,0
VirusShare_0b7861d85a863230d8ef2ea862283644,332,0,0,0,5,0,0,77824,9,0,5,1048576,32768,86996,0,0
VirusShare_0b7a628509df4b6253cce75860f211f8,332,56,119280,0,5,0,0,118784,11,0,5,1048576,33088,620472,0,0
VirusShare_0b7bbbe398345da5a80ba89e1339dec0,332,0,0,0,4,0,0,0,2,25,6,0,1,2560,0,0
VirusShare_0b7c91ed99ab135aef30dd71843c02a8,332,0,0,7,7,334404,100,0,5,0,3,0,0,2424,0,0
VirusShare_0b7ddf9bcb87bd9925dace367b85ab50,332,0,0,0,4,0,0,4504,2,50,10,1048576,0,49852,0,0
VirusShare_0b7ee60630737c58f5434a1b17c23469,332,0,0,5,4,0,0,4096,6,0,3,1048576,0,2260,0,0
VirusShare_0b7fa305b57066885d7d70c96d51aae0,332,0,0,0,4,0,0,0,5,12,3,1048576,0,172,0,0
VirusShare_0b800543cc26bff83a3715887365fb1e,332,0,0,0,4,0,0,94208,5,12,5,1048576,0,4272,0,0
VirusShare_0b82b19db7b82e2d157322cc34542b9e,332,0,0,0,4,0,0,8192,6,0,6,1048576,0,1032,0,0
VirusShare_0b84c94f0f95325bd246f3862841a1a0,332,0,0,0,0,0,0,0,6,0,4,1048576,1,16777729,0,0
VirusShare_0b88c1b4f810d893fe99b710c3f4fb5c,332,0,0,11,4,0,0,4096,6,0,3,1048576,0,2360,0,0
VirusShare_0b8cad9f8d5917f4930eb02f0b2453f6,332,28,70176,0,4,0,0,69632,8,0,5,1048576,0,1456,0,0
VirusShare_0b8d7907f1b4390c1685649b1911939e,332,0,0,9,8,0,0,0,5,0,7,1048576,0,12060,0,0
VirusShare_0b8e1cb7fff4e0b8b60259cea9195949,332,0,0,6,4,0,0,28672,6,0,5,1048576,32768,3144,0,0
VirusShare_0b8ea122e5846cd94195bbb2f43c35f4,332,0,0,0,4,0,0,8520,6,0,2,1048576,0,0,0,0
VirusShare_0b8f6f33f9a0863b0f4c149282efd1fd,332,0,0,0,5,0,0,12288,9,0,5,1048576,0,0,0,0
VirusShare_0b93794cefb96db2b868ab2d33788430,332,0,0,0,4,0,0,8520,6,0,2,1048576,0,0,0,0
VirusShare_0b93cf1d7f39c6225469c4c8b782b3d1,332,0,0,0,5,53248,262,32768,11,0,12,1048576,0,2544,0,0
VirusShare_0b974197a3a6e05f2e1d8077713cc3ac,332,0,0,0,4,0,0,0,6,0,3,1048576,0,14436,0,0
VirusShare_0b979cb7eb1e1921845c0a1dc67f4614,332,0,0,0,4,0,0,8520,6,0,2,1048576,0,0,0,0
VirusShare_0b997d7878ec4527942c92bf5f352283,332,0,0,0,4,0,0,16384,4,0,3,1048576,0,505344,0,0
VirusShare_0b9b1bdf8ebca83eee06fe599a04b246,332,0,0,0,5,0,0,8192,9,0,5,1048576,1024,10392,0,0
VirusShare_0b9e34d538b086b4f23b360a2b303a43,332,0,0,0,5,0,0,4096,9,0,3,1048576,32768,976,0,0
VirusShare_0b9f590498ef229c8d2bfcadbf8aa36a,332,0,0,0,5,0,0,221184,9,0,4,1048576,0,0,0,0
VirusShare_0b9f72c0bd51220db604d88efa632c8f,332,0,0,0,4,0,0,0,8,0,8,1048576,0,1536,0,0
VirusShare_0ba0a79f06bd8c5d235fd5a8887e35ee,332,0,0,0,4,0,0,0,2,25,10,1048576,0,29696,0,0
VirusShare_0ba6e51cb43888e71c95443a49384240,332,0,0,0,4,0,0,8192,5,12,4,1048576,0,928,0,0
VirusShare_0ba7b67d849fc1cb8c5afe3f26cf7e01,332,0,0,0,4,0,0,0,2,25,3,1048576,0,5764,0,0
VirusShare_0ba9143d52ef13c480643ca0f133005a,332,0,0,0,4,0,0,32768,7,0,4,1048576,0,176196,0,0
VirusShare_0bae9a454befd85ceed074b9ba2232c5,332,0,0,4,4,0,0,4096,6,0,3,1048576,0,3228,0,0
VirusShare_0baf6b855426a8ed7a2f9eaf732b8690,332,0,0,0,5,0,0,24576,10,0,5,1048576,32832,161864,0,0
VirusShare_0baff43f1c605432758b38de913d4fea,332,0,0,6,4,0,0,28672,6,0,5,1048576,32768,3144,0,0
VirusShare_0bb1f183dd4b8dc355b2bb434c8b1ab2,332,0,0,0,5,0,0,40960,9,0,3,1048576,32768,199216,0,0
VirusShare_0bb43a92a9ab85c68e42fae201ef5267,332,28,4320,0,4,0,0,4096,8,0,3,1048576,0,3932,0,0
VirusShare_0c66357f04082a8b148a2906c86f7f50,332,28,12496,0,4,0,0,16384,8,0,3,1048576,32768,18120,0,0
VirusShare_0e5ca24fb347c2a52e0ede701a7d96b0,332,0,0,0,4,0,0,8192,5,12,4,1048576,0,21332,0,0
VirusShare_0ef2598106c4c0b11d135737bffdf020,332,0,0,0,4,0,0,223380,2,50,5,1048576,0,576,0,0
VirusShare_13a06aa25dc879cf4594147b8e85cb6c,332,0,0,0,4,19392,71,4096,7,10,5,1048576,0,58888,0,0
VirusShare_17a850ffa262b2977c797528036fbf75,332,0,0,0,4,0,0,147456,8,0,4,1048576,0,32526,0,0
VirusShare_18be20fe58bfd7a68806c50324c51133,332,0,0,0,4,0,0,94208,6,0,4,1048576,0,28760,0,0
VirusShare_19061adceed55aa640560e7121daeee0,332,28,98960,0,5,0,0,98304,10,0,4,1048576,33024,1276,0,0
VirusShare_1bb56db35cfeb9b2778b647fc0268250,332,0,0,0,4,0,0,223380,2,50,5,1048576,0,576,0,0
VirusShare_1c50a517b683647bd7498c66c9942828,332,28,4288,6,6,0,0,4096,8,0,4,262144,33088,0,0,0
VirusShare_1e64721e3449042faac1c44e5381d8ff,332,0,0,6,4,0,0,28672,6,0,5,1048576,32768,3144,0,0
VirusShare_2098eaf8a3cab3064ebaacb5bfc9c48f,332,0,0,0,5,0,0,126976,9,0,7,1048576,32768,175368,0,0
VirusShare_21450cdf5b7b9ec242562798c6c31a59,332,0,0,0,5,0,0,28928,0,255,5,1048576,1,813512,0,0
VirusShare_228de1583a8d28f6883960e2b9046889,332,0,0,6,1,0,0,0,2,25,8,1048576,32768,110736,0,0
VirusShare_233565e7ad783c50ab059f38c3a97dd0,332,0,0,1,4,0,0,4096,6,0,3,1048576,0,1520,0,0
VirusShare_23a865b6ceea3a0c3e12ad66e3554943,332,0,0,0,4,0,0,8520,6,0,2,1048576,0,0,0,0
VirusShare_3558de38109cce3e76842bbdaaf9d6c7,332,0,0,8,10,0,0,0,6,0,7,1048576,0,58732,0,0
VirusShare_35905581764995b0257dc187aa17cc40,332,0,0,0,4,0,0,0,0,255,6,1048576,2,295942,0,0
VirusShare_37ad96fc8633e99686917e737a39943b,332,0,0,5,5,417776,144,368640,11,0,5,1048576,64,16,0,0
VirusShare_3a859a262b2b4dd3102456071c9c90cc,332,56,143488,0,4,144368,193,143360,5,12,5,1048576,0,880,0,0
VirusShare_3b8326bdd066ca940f2fbbc23ea35c66,332,0,0,0,5,0,0,28672,9,0,7,1048576,32768,12984,0,0
VirusShare_3edd3e77f0447c560ae517746a0100b3,332,0,0,0,4,0,0,0,8,0,5,1048576,0,201416,0,0
VirusShare_40f0591b4358892427511912cfdbac30,332,0,0,0,4,72992,398,45056,11,0,5,1048576,0,59024,0,0
VirusShare_41258d2916c4cc1d06320d8a84f34493,332,0,0,0,4,0,0,223380,2,50,5,1048576,0,576,0,0
VirusShare_44bca4965cb94d1f1c6895c383db59e0,332,0,0,8,6,318128,68,0,8,0,3,0,0,2532,0,0
VirusShare_4547ee51d1fc965f0c982b7d67701772,332,0,0,0,4,31776,71,4096,7,10,5,1048576,0,58888,0,0
VirusShare_4bf3845d2fea32a04d27624653f6b4a2,332,0,0,6,4,0,0,28672,6,0,5,1048576,32768,3120,0,0
VirusShare_4f488a09e2895c4184cc451e95da0599,332,0,0,0,5,0,0,212992,9,0,4,1048576,0,0,0,0
VirusShare_539a2219b11a2ecf4c85dedded324c53,332,0,0,0,4,0,0,270784,2,50,9,1048576,0,0,0,0
VirusShare_57263b8713263388ea9e62e9b2178e0f,332,0,0,0,5,0,0,12288,9,0,5,1048576,0,43448,0,0
VirusShare_57d28b83311f3cf77ee24783d5ab1a34,332,0,0,0,5,0,0,12288,9,0,4,1048576,0,0,0,0
VirusShare_58bb90b3277b8917ec796820a1b4a890,332,0,0,0,4,0,0,8192,6,1,4,1048576,0,1968,0,0
VirusShare_59054fd25e18202bad7192680b08a077,332,0,0,0,5,0,0,94208,9,0,4,1048576,32768,0,0,0
VirusShare_59fb0ae5091a8abd8e48c4055a52e053,332,0,0,0,4,0,0,281700,2,50,4,1048576,0,7132,0,0
VirusShare_5c3b0a34b7c8070c0b6ed137f9c88250,332,0,0,0,4,0,0,20480,8,0,4,1048576,0,4252,0,0
VirusShare_5f63290395b0e011f6341ee06087e46e,332,0,0,0,4,0,0,112380,2,50,7,1048576,0,2364,0,0
VirusShare_6153e67b4d53b0efc02bcf97903d24c7,332,0,0,0,5,0,0,73728,9,0,9,1048576,32768,6912,0,0
VirusShare_61e55921a216afe3775810735f8fba17,332,0,0,6,4,0,0,28672,6,0,5,1048576,32768,3120,0,0
VirusShare_64acc031f1ad429fa314aed4a850ba10,332,0,0,0,14,32832,2798,643586,45,37,11,1048576,0,25508,0,0
VirusShare_697556f97abe3e8ebba1c292fe0431a0,332,0,0,0,4,0,0,0,0,252,4,1048576,0,50753,0,0
VirusShare_6b5c4a357fa23af4e70093f735403bf3,332,0,0,0,4,0,0,424324,2,50,3,1048576,0,0,0,0
VirusShare_6d6cac3c2d4b981d586161061d8edd6e,332,0,0,0,4,0,0,32768,7,0,4,1048576,0,174676,0,0
VirusShare_6ecbe5c6a69327afed31a27d910932b0,332,0,0,0,5,0,0,245760,9,0,4,1048576,32768,77948,0,0
VirusShare_6f6d808dd70c0c55ea1fc2d14a94b8a0,332,0,0,0,4,101408,71,98304,8,0,6,1048576,64,1288,0,0
VirusShare_7370a75e25492ffc33aaa0b3f93d4470,332,0,0,0,5,0,0,16384,10,0,4,1048576,33088,19708,0,0
VirusShare_7920c60b87129a3eb12bc971f56353ce,332,0,0,0,5,0,0,0,10,0,5,1048576,33088,34876,0,0
VirusShare_796b102c343a7c2f1a4e7a29fa093a62,332,0,0,0,5,0,0,184320,9,0,6,1048576,0,4056,0,0
VirusShare_79f80e34b1857d5b0eb196152eb32699,332,0,0,0,5,0,0,8192,9,0,4,1048576,32768,976,0,0
VirusShare_7aa246d22d07a366686af0b256e223cd,332,0,0,0,4,0,0,98752,2,50,3,1048576,0,0,0,0
VirusShare_7cb0792b161f53fc13e02fdeda4e4c00,332,0,0,0,5,0,0,45056,9,0,5,1048576,32768,51912,0,0
VirusShare_81ff324d2023d8ecb98a127b87d51450,332,0,0,0,4,0,0,0,2,25,8,1048576,0,8272,0,0
VirusShare_8425f28f96c15c6cdc7a33e7065f0230,332,28,77824,0,8,98476,91,49152,35,26,11,1048576,0,1932,0,0
VirusShare_8639193b72fc66ed57ab6ba3cc5291c0,332,0,0,0,4,22944,48,20480,8,0,5,1048576,0,40556,0,0
VirusShare_8dbddd360de3a7aae112686a777c7656,332,56,119280,0,5,0,0,118784,11,0,5,1048576,33088,620472,0,0
VirusShare_8fccfd01aaad31b8081228a376f6cf51,332,28,34608,0,5,0,0,57344,9,0,5,1048576,33088,45520,0,0
VirusShare_9146b51107a0a9b774a23ac985960515,332,0,0,0,4,0,0,16384,8,0,4,1048576,0,58904,0,0
VirusShare_9213073f63c1542315acdad27c0b8b78,332,0,0,0,4,0,0,16384,8,1,6,1048576,0,33384,0,0
VirusShare_924dd20216cffc2171b6af76305f5723,332,0,0,6,4,0,0,28672,6,0,5,1048576,32768,3144,0,0
VirusShare_97f2b78c39909c947e456a8a9c7b42f2,332,28,1093632,0,4,0,0,1098208,7,10,6,1048576,0,2336,0,0
VirusShare_9b8c8a75a0aa189767d562d603516054,332,0,0,0,4,0,0,102400,6,0,4,1048576,0,19312,0,0
VirusShare_9c561092d33ec9c55bc718c378341751,332,0,0,6,4,0,0,28672,6,0,5,1048576,32768,3144,0,0
VirusShare_9f46af0d2ff28ec0b7bbb07a6b6dfa65,332,0,0,0,5,0,0,4096,9,0,4,1048576,0,3680,0,0
VirusShare_a16a1326190655f327850b89d59080d9,332,0,0,0,4,0,0,0,5,12,3,1048576,0,103852,0,0
VirusShare_a5a65c86c072d8f9ac1061a48c15a50e,332,0,0,0,4,31520,71,4096,7,10,5,1048576,0,13048,0,0
VirusShare_acddaebaf9fcc8ccf276366be771f210,332,0,0,0,4,0,0,8192,6,1,4,1048576,0,1968,0,0
VirusShare_adea07f9bc9a0c4e1541a8382a0e0c94,332,0,0,6,4,0,0,28672,6,0,5,1048576,32768,3120,0,0
VirusShare_b030a7130ad14ac3762c6f35e6e7e5bf,332,0,0,0,4,0,0,8520,6,0,2,1048576,0,0,0,0
VirusShare_b1e80ba8cd43ec19ecf148fb508cc580,332,28,57776,0,4,116064,328,57344,2,56,4,1048576,0,0,0,0
VirusShare_b2a06c7a38cbda60f1c312bc584c0b33,332,0,0,0,4,0,0,0,0,57,2,0,1,174,0,0
VirusShare_b4d7eb534aa2413cba9e33b0418786ee,332,0,0,9,9,241664,65,0,7,1,11,0,0,70976,0,0
VirusShare_b562746a8c97f88032d317fbbbd2ac95,332,0,0,0,5,0,0,16384,10,0,4,1048576,33088,19482,0,0
VirusShare_b5b9838b46ebded1cab41ee80646c15e,332,0,0,0,4,0,0,8520,6,0,2,1048576,0,0,0,0
VirusShare_b878b7948c2fd2fad1ef3c995464b5f0,332,0,0,1,4,0,0,4096,6,0,3,1048576,0,23504,0,0
VirusShare_bb592f367900819d66e689e1cf1f9880,332,28,565248,0,4,663168,342,557500,7,10,6,1048576,0,18176,0,0
VirusShare_be17879fdfccf6d9ec674b9eb8d7b598,332,0,0,0,4,0,0,8520,6,0,2,1048576,0,0,0,0
VirusShare_c08b192525cdf032d0b328c8dc0ec089,332,0,0,3,5,0,0,0,4,1,8,1048576,33088,39428,0,0
VirusShare_c1ed2c8a53d35f37370b26adb1081036,332,0,0,0,5,0,0,4096,9,0,6,1048576,0,2096,0,0
VirusShare_c91b6dca7c71c4dbcbe0402f73330b8e,332,28,5008,0,4,0,0,4096,10,0,2,1048576,32832,0,0,0
VirusShare_cea84d891d74704a0a5352c669061872,332,0,0,0,5,0,0,4096,9,0,4,1048576,32768,1520,0,0
VirusShare_cfe093395215bab9491fa7e8b74485f4,332,0,0,1,4,256,0,0,6,0,5,1048576,0,69496,0,0
VirusShare_d74e717031739147eb1f891d33bd7caa,332,0,0,4,4,0,0,0,6,0,3,1048576,0,2480,0,0
VirusShare_dc87211d948e14a32558129345536648,332,0,0,0,4,0,0,0,5,12,4,1048576,0,1352,0,0
VirusShare_e101903575b41830b942d4d42421392e,332,0,0,5,9,382284,160,0,7,0,3,0,0,1156,0,0
VirusShare_e3a2c0f354bb327809a3696cb188c692,332,0,0,0,4,0,0,0,2,25,8,1048576,0,202016,0,0
VirusShare_e8679276e4c35acbe643ede4637b1ae3,332,0,0,0,4,0,0,412448,2,50,8,1048576,0,8368,0,0
VirusShare_ea9219d75831a462038f2933406a5926,332,0,0,0,5,0,0,106496,9,0,8,1048576,0,392,0,0
VirusShare_ee7017f3a263bc77f03e8f689c5b3225,332,0,0,0,5,0,0,0,10,0,4,1048576,32768,28180,0,0
VirusShare_f229782de07742279b47fa23d3e103af,332,0,0,7,8,0,0,0,7,0,3,1048576,0,2532,0,0
VirusShare_f334e86c8670a04ca5e01222e4b7ef7c,332,0,0,0,5,0,0,4096,9,0,3,1048576,32768,4728,0,0
VirusShare_f867345cb399dd6642bd74c7a222fb2e,332,0,0,6,4,0,0,28672,6,0,5,1048576,32768,3144,0,0
VirusShare_fa04f485cf98c70e8fc6ac9965ad3050,332,0,0,0,4,57776,142,45056,11,0,5,1048576,0,26428,0,0
VirusShare_fadf3f51b8ee64c8a72717e400b6152f,332,0,0,6,4,0,0,28672,6,0,5,1048576,32768,3144,0,0
VirusShare_fb90a0eb688b677b236f3765e5d90d56,332,0,0,0,4,130992,70,4096,8,0,4,1048576,0,2328,0,0
VirusShare_feb904ceaede6f305075b1af5ef8ca04,332,0,0,6,4,0,0,28672,6,0,5,1048576,32768,3120,0,0
VirusShare_fff258f5bdb9e2c3504a6e05c56a8246,332,0,0,0,4,0,0,15096,2,50,6,1048576,0,1636,0,0
